SailName,Timestamp(s),DistEarth(Km),DistSun(Km),Velocity(Km/s),TotalForce(N),SolarPressure(Pa),IncidenceAngle(deg),ActivePhotons
SolarSail_2,0.008,42157.00,1.0000,3.0749,2.0186e+01,0.0000e+00,90.00,0
SolarSail_2,0.145,42157.00,1.0000,3.0749,2.0186e+01,0.0000e+00,90.00,0
SolarSail_2,0.187,42157.00,1.0000,3.0749,2.0186e+01,0.0000e+00,90.00,0
SolarSail_2,0.206,42157.00,1.0000,3.0749,2.0186e+01,4.5404e-06,90.00,100
SolarSail_2,0.216,42157.00,1.0000,3.0749,2.0186e+01,4.5404e-06,90.00,100
SolarSail_2,0.224,42157.00,1.0000,3.0749,2.0186e+01,4.5404e-06,90.00,100
SolarSail_2,0.271,42157.00,1.0000,3.0749,2.0186e+01,4.5404e-06,90.00,100
SolarSail_2,0.280,42157.00,1.0000,3.0749,2.0186e+01,4.5404e-06,90.00,100
SolarSail_2,0.288,42157.00,1.0000,3.0749,2.0186e+01,4.5404e-06,90.00,100
SolarSail_2,0.296,42157.00,1.0000,3.0749,2.0186e+01,4.5404e-06,90.00,100
SolarSail_2,0.305,42157.00,1.0000,3.0749,2.0186e+01,4.5404e-06,90.00,100
SolarSail_2,0.313,42157.00,1.0000,3.0749,2.0186e+01,4.5404e-06,90.00,100
SolarSail_2,0.321,42157.00,1.0000,3.0749,2.0186e+01,4.5404e-06,90.00,100
SolarSail_2,0.330,42157.00,1.0000,3.0749,2.0186e+01,4.5404e-06,90.00,100
SolarSail_2,0.338,42157.00,1.0000,3.0749,2.0186e+01,4.5404e-06,90.00,100
SolarSail_2,0.346,42157.00,1.0000,3.0749,2.0186e+01,4.5404e-06,90.00,100
SolarSail_2,0.356,42157.00,1.0000,3.0749,2.0186e+01,4.5404e-06,90.00,100
SolarSail_2,0.364,42157.00,1.0000,3.0749,2.0186e+01,4.5404e-06,90.00,100
SolarSail_2,0.372,42157.00,1.0000,3.0749,2.0186e+01,4.5404e-06,90.00,100
SolarSail_2,0.381,42157.00,1.0000,3.0749,2.0186e+01,4.5404e-06,90.00,100
SolarSail_2,0.389,42157.00,1.0000,3.0749,2.0186e+01,4.5404e-06,90.00,100
SolarSail_2,0.397,42157.00,1.0000,3.0749,2.0186e+01,4.5404e-06,90.00,100
SolarSail_2,0.406,42157.00,1.0000,3.0749,2.0186e+01,4.5404e-06,90.00,100
SolarSail_2,0.414,42157.00,1.0000,3.0749,2.0186e+01,4.5404e-06,90.00,100
SolarSail_2,0.422,42157.00,1.0000,3.0749,2.0186e+01,4.5404e-06,90.00,100
SolarSail_2,0.431,42157.00,1.0000,3.0749,2.0186e+01,4.5404e-06,90.00,100
SolarSail_2,0.439,42157.00,1.0000,3.0749,2.0186e+01,4.5404e-06,90.00,100
SolarSail_2,0.447,42157.00,1.0000,3.0749,2.0186e+01,4.5404e-06,90.00,100
SolarSail_2,0.456,42157.00,1.0000,3.0749,2.0186e+01,4.5404e-06,90.00,100
SolarSail_2,0.464,42157.00,1.0000,3.0749,2.0186e+01,4.5404e-06,90.00,100
SolarSail_2,0.472,42157.00,1.0000,3.0749,2.0186e+01,4.5404e-06,90.00,100
SolarSail_2,0.481,42157.00,1.0000,3.0749,2.0186e+01,4.5404e-06,90.00,100
SolarSail_2,0.489,42157.00,1.0000,3.0749,2.0186e+01,4.5404e-06,90.00,100
SolarSail_2,0.497,42157.00,1.0000,3.0749,2.0186e+01,4.5404e-06,90.00,100
SolarSail_2,0.506,42157.00,1.0000,3.0749,2.0186e+01,4.5404e-06,90.00,100
SolarSail_2,0.514,42157.00,1.0000,3.0749,2.0186e+01,4.5404e-06,90.00,100
SolarSail_2,0.522,42157.00,1.0000,3.0749,2.0186e+01,4.5404e-06,90.00,100
SolarSail_2,0.531,42157.00,1.0000,3.0749,2.0186e+01,4.5404e-06,90.00,100
SolarSail_2,0.539,42157.00,1.0000,3.0749,2.0186e+01,4.5404e-06,90.00,100
SolarSail_2,0.547,42157.00,1.0000,3.0749,2.0186e+01,4.5404e-06,90.00,100
SolarSail_2,0.556,42157.00,1.0000,3.0749,2.0186e+01,4.5404e-06,90.00,100
SolarSail_2,0.564,42157.00,1.0000,3.0749,2.0186e+01,4.5404e-06,90.00,100
SolarSail_2,0.572,42157.00,1.0000,3.0749,2.0186e+01,4.5404e-06,90.00,100
SolarSail_2,0.581,42157.00,1.0000,3.0749,2.0186e+01,4.5404e-06,90.00,100
SolarSail_2,0.589,42157.00,1.0000,3.0749,2.0186e+01,4.5404e-06,90.00,100
SolarSail_2,0.597,42157.00,1.0000,3.0749,2.0186e+01,4.5404e-06,90.00,100
SolarSail_2,0.606,42157.00,1.0000,3.0749,2.0186e+01,4.5404e-06,90.00,100
SolarSail_2,0.614,42157.00,1.0000,3.0749,2.0186e+01,4.5404e-06,90.00,100
SolarSail_2,0.622,42157.00,1.0000,3.0749,2.0186e+01,4.5404e-06,90.00,100
SolarSail_2,0.631,42157.00,1.0000,3.0749,2.0186e+01,4.5404e-06,90.00,100
SolarSail_2,0.639,42157.00,1.0000,3.0749,2.0186e+01,4.5404e-06,90.00,100
SolarSail_2,0.647,42157.00,1.0000,3.0749,2.0186e+01,4.5404e-06,90.00,100
SolarSail_2,0.656,42157.00,1.0000,3.0749,2.0186e+01,4.5404e-06,90.00,100
SolarSail_2,0.664,42157.00,1.0000,3.0749,2.0186e+01,4.5404e-06,90.00,100
SolarSail_2,0.672,42157.00,1.0000,3.0749,2.0186e+01,4.5404e-06,90.00,100
SolarSail_2,0.681,42157.00,1.0000,3.0749,2.0186e+01,4.5404e-06,90.00,100
SolarSail_2,0.689,42157.00,1.0000,3.0749,2.0186e+01,4.5404e-06,90.00,100
SolarSail_2,0.697,42157.00,1.0000,3.0749,2.0186e+01,4.5404e-06,90.00,100
SolarSail_2,0.706,42157.00,1.0000,3.0749,2.0186e+01,4.5404e-06,90.00,100
SolarSail_2,0.714,42157.00,1.0000,3.0749,2.0186e+01,4.5404e-06,90.00,100
SolarSail_2,0.722,42157.00,1.0000,3.0749,2.0186e+01,4.5404e-06,90.00,100
SolarSail_2,0.731,42157.00,1.0000,3.0749,2.0186e+01,4.5404e-06,90.00,100
SolarSail_2,0.739,42157.00,1.0000,3.0749,2.0186e+01,4.5404e-06,90.00,100
SolarSail_2,0.747,42157.00,1.0000,3.0749,2.0186e+01,4.5404e-06,90.00,100
SolarSail_2,0.756,42157.00,1.0000,3.0749,2.0186e+01,4.5404e-06,90.00,100
SolarSail_2,0.764,42157.00,1.0000,3.0749,2.0186e+01,4.5404e-06,90.00,100
SolarSail_2,0.772,42157.00,1.0000,3.0749,2.0186e+01,4.5404e-06,90.00,100
SolarSail_2,0.781,42157.00,1.0000,3.0749,2.0186e+01,4.5404e-06,90.00,100
SolarSail_2,0.789,42157.00,1.0000,3.0749,2.0186e+01,4.5404e-06,90.00,100
SolarSail_2,0.797,42157.00,1.0000,3.0749,2.0186e+01,4.5404e-06,90.00,100
SolarSail_2,0.806,42157.00,1.0000,3.0749,2.0186e+01,4.5404e-06,90.00,100
SolarSail_2,0.814,42157.00,1.0000,3.0749,2.0186e+01,4.5404e-06,90.00,100
SolarSail_2,0.822,42157.00,1.0000,3.0749,2.0186e+01,4.5404e-06,90.00,100
SolarSail_2,0.831,42157.00,1.0000,3.0749,2.0186e+01,4.5404e-06,90.00,100
SolarSail_2,0.839,42157.00,1.0000,3.0749,2.0186e+01,4.5404e-06,90.00,100
SolarSail_2,0.847,42157.00,1.0000,3.0749,2.0186e+01,4.5404e-06,90.00,100
SolarSail_2,0.856,42157.00,1.0000,3.0749,2.0186e+01,4.5404e-06,90.00,100
SolarSail_2,0.864,42157.00,1.0000,3.0749,2.0186e+01,4.5404e-06,90.00,100
SolarSail_2,0.872,42157.00,1.0000,3.0749,2.0186e+01,4.5404e-06,90.00,100
SolarSail_2,0.881,42157.00,1.0000,3.0749,2.0186e+01,4.5404e-06,90.00,100
SolarSail_2,0.889,42157.00,1.0000,3.0749,2.0186e+01,4.5404e-06,90.00,100
SolarSail_2,0.897,42157.00,1.0000,3.0749,2.0186e+01,4.5404e-06,90.00,100
SolarSail_2,0.906,42157.00,1.0000,3.0749,2.0186e+01,4.5404e-06,90.00,100
SolarSail_2,0.914,42157.00,1.0000,3.0749,2.0186e+01,4.5404e-06,90.00,100
SolarSail_2,0.922,42157.00,1.0000,3.0749,2.0186e+01,4.5404e-06,90.00,100
SolarSail_2,0.931,42157.00,1.0000,3.0749,2.0186e+01,4.5404e-06,90.00,100
SolarSail_2,0.939,42157.00,1.0000,3.0749,2.0186e+01,4.5404e-06,90.00,100
SolarSail_2,0.947,42157.00,1.0000,3.0749,2.0186e+01,4.5404e-06,90.00,100
SolarSail_2,0.956,42157.00,1.0000,3.0749,2.0186e+01,4.5404e-06,90.00,100
SolarSail_2,0.964,42157.00,1.0000,3.0749,2.0186e+01,4.5404e-06,90.00,100
SolarSail_2,0.972,42157.00,1.0000,3.0749,2.0186e+01,4.5404e-06,90.00,100
SolarSail_2,0.981,42157.00,1.0000,3.0749,2.0186e+01,4.5404e-06,90.00,100
SolarSail_2,0.989,42157.00,1.0000,3.0749,2.0186e+01,4.5404e-06,90.00,100
SolarSail_2,0.997,42157.00,1.0000,3.0749,2.0186e+01,4.5404e-06,90.00,100
SolarSail_2,1.006,42157.00,1.0000,3.0749,2.0186e+01,4.5404e-06,90.00,100
SolarSail_2,1.014,42157.00,1.0000,3.0749,2.0186e+01,4.5404e-06,90.00,100
SolarSail_2,1.024,42157.00,1.0000,3.0749,2.0186e+01,4.5404e-06,90.00,100
SolarSail_2,1.032,42157.00,1.0000,3.0749,2.0186e+01,4.5404e-06,90.00,100
SolarSail_2,1.040,42157.00,1.0000,3.0749,2.0186e+01,4.5404e-06,90.00,100
SolarSail_2,1.049,42157.00,1.0000,3.0749,2.0186e+01,4.5404e-06,90.00,100
SolarSail_2,1.057,42157.00,1.0000,3.0749,2.0186e+01,4.5404e-06,90.00,100
SolarSail_2,1.065,42157.00,1.0000,3.0749,2.0186e+01,4.5404e-06,90.00,100
SolarSail_2,1.074,42157.00,1.0000,3.0749,2.0186e+01,4.5404e-06,90.00,100
SolarSail_2,1.082,42157.00,1.0000,3.0749,2.0186e+01,4.5404e-06,90.00,100
SolarSail_2,1.090,42157.00,1.0000,3.0749,2.0186e+01,4.5404e-06,90.00,100
SolarSail_2,1.099,42157.00,1.0000,3.0749,2.0186e+01,4.5404e-06,90.00,100
SolarSail_2,1.107,42157.00,1.0000,3.0749,2.0186e+01,4.5404e-06,90.00,100
SolarSail_2,1.115,42157.00,1.0000,3.0749,2.0186e+01,4.5404e-06,90.00,100
SolarSail_2,1.124,42157.00,1.0000,3.0749,2.0186e+01,4.5404e-06,90.00,100
SolarSail_2,1.132,42157.00,1.0000,3.0749,2.0186e+01,4.5404e-06,90.00,100
SolarSail_2,1.140,42157.00,1.0000,3.0749,2.0186e+01,4.5404e-06,90.00,100
SolarSail_2,1.149,42157.00,1.0000,3.0749,2.0186e+01,4.5404e-06,90.00,100
SolarSail_2,1.157,42157.00,1.0000,3.0749,2.0186e+01,4.5404e-06,90.00,100
SolarSail_2,1.165,42157.00,1.0000,3.0749,2.0186e+01,4.5404e-06,90.00,100
SolarSail_2,1.174,42157.00,1.0000,3.0749,2.0186e+01,4.5404e-06,90.00,100
SolarSail_2,1.182,42157.00,1.0000,3.0749,2.0186e+01,4.5404e-06,90.00,100
SolarSail_2,1.190,42157.00,1.0000,3.0749,2.0186e+01,4.5404e-06,90.00,100
SolarSail_2,1.199,42157.00,1.0000,3.0749,2.0186e+01,4.5404e-06,90.00,100
SolarSail_2,1.207,42157.00,1.0000,3.0749,2.0186e+01,4.5404e-06,90.00,100
SolarSail_2,1.215,42157.00,1.0000,3.0749,2.0186e+01,4.5404e-06,90.00,100
SolarSail_2,1.224,42157.00,1.0000,3.0749,2.0186e+01,4.5404e-06,90.00,100
SolarSail_2,1.232,42157.00,1.0000,3.0749,2.0186e+01,4.5404e-06,90.00,100
SolarSail_2,1.240,42157.00,1.0000,3.0749,2.0186e+01,4.5404e-06,90.00,100
SolarSail_2,1.249,42157.00,1.0000,3.0749,2.0186e+01,4.5404e-06,90.00,100
SolarSail_2,1.257,42157.00,1.0000,3.0749,2.0186e+01,4.5404e-06,90.00,100
SolarSail_2,1.265,42157.00,1.0000,3.0749,2.0186e+01,4.5404e-06,90.00,100
SolarSail_2,1.274,42157.00,1.0000,3.0749,2.0186e+01,4.5404e-06,90.00,100
SolarSail_2,1.282,42157.00,1.0000,3.0749,2.0186e+01,4.5404e-06,90.00,100
SolarSail_2,1.290,42157.00,1.0000,3.0749,2.0186e+01,4.5404e-06,90.00,100
SolarSail_2,1.299,42157.00,1.0000,3.0749,2.0186e+01,4.5404e-06,90.00,100
SolarSail_2,1.307,42157.00,1.0000,3.0749,2.0186e+01,4.5404e-06,90.00,100
SolarSail_2,1.315,42157.00,1.0000,3.0749,2.0186e+01,4.5404e-06,90.00,100
SolarSail_2,1.324,42157.00,1.0000,3.0749,2.0186e+01,4.5404e-06,90.00,100
SolarSail_2,1.332,42157.00,1.0000,3.0749,2.0186e+01,4.5404e-06,90.00,100
SolarSail_2,1.340,42157.00,1.0000,3.0749,2.0186e+01,4.5404e-06,90.00,100
SolarSail_2,1.349,42157.00,1.0000,3.0749,2.0186e+01,4.5404e-06,90.00,100
SolarSail_2,1.357,42157.00,1.0000,3.0749,2.0186e+01,4.5404e-06,90.00,100
SolarSail_2,1.365,42157.00,1.0000,3.0749,2.0186e+01,4.5404e-06,90.00,100
SolarSail_2,1.374,42157.00,1.0000,3.0749,2.0186e+01,4.5404e-06,90.00,100
SolarSail_2,1.382,42157.00,1.0000,3.0749,2.0186e+01,4.5404e-06,90.00,100
SolarSail_2,1.390,42157.00,1.0000,3.0749,2.0186e+01,4.5404e-06,90.00,100
SolarSail_2,1.399,42157.00,1.0000,3.0749,2.0186e+01,4.5404e-06,90.00,100
SolarSail_2,1.407,42157.00,1.0000,3.0749,2.0186e+01,4.5404e-06,90.00,100
SolarSail_2,1.415,42157.00,1.0000,3.0749,2.0186e+01,4.5404e-06,90.00,100
SolarSail_2,1.424,42157.00,1.0000,3.0749,2.0186e+01,4.5404e-06,90.00,100
SolarSail_2,1.432,42157.00,1.0000,3.0749,2.0186e+01,4.5404e-06,90.00,100
SolarSail_2,1.440,42157.00,1.0000,3.0749,2.0186e+01,4.5404e-06,90.00,100
SolarSail_2,1.449,42157.00,1.0000,3.0749,2.0186e+01,4.5404e-06,90.00,100
SolarSail_2,1.457,42157.00,1.0000,3.0749,2.0186e+01,4.5404e-06,90.00,100
SolarSail_2,1.465,42157.00,1.0000,3.0749,2.0186e+01,4.5404e-06,90.00,100
SolarSail_2,1.474,42157.00,1.0000,3.0749,2.0186e+01,4.5404e-06,90.00,100
SolarSail_2,1.482,42157.00,1.0000,3.0749,2.0186e+01,4.5404e-06,90.00,100
SolarSail_2,1.490,42157.00,1.0000,3.0749,2.0186e+01,4.5404e-06,90.00,100
SolarSail_2,1.499,42157.00,1.0000,3.0749,2.0186e+01,4.5404e-06,90.00,100
SolarSail_2,1.507,42157.00,1.0000,3.0749,2.0186e+01,4.5404e-06,90.00,100
SolarSail_2,1.515,42157.00,1.0000,3.0749,2.0186e+01,4.5404e-06,90.00,100
SolarSail_2,1.524,42157.00,1.0000,3.0749,2.0186e+01,4.5404e-06,90.00,100
SolarSail_2,1.532,42157.00,1.0000,3.0749,2.0186e+01,4.5404e-06,90.00,100
SolarSail_2,1.540,42157.00,1.0000,3.0749,2.0186e+01,4.5404e-06,90.00,100
SolarSail_2,1.549,42157.00,1.0000,3.0749,2.0186e+01,4.5404e-06,90.00,100
SolarSail_2,1.557,42157.00,1.0000,3.0749,2.0186e+01,4.5404e-06,90.00,100
SolarSail_2,1.565,42157.00,1.0000,3.0749,2.0186e+01,4.5404e-06,90.00,100
SolarSail_2,1.574,42157.00,1.0000,3.0749,2.0186e+01,4.5404e-06,90.00,100
SolarSail_2,1.582,42157.00,1.0000,3.0749,2.0186e+01,4.5404e-06,90.00,100
SolarSail_2,1.590,42157.00,1.0000,3.0749,2.0186e+01,4.5404e-06,90.00,100
SolarSail_2,1.599,42157.00,1.0000,3.0749,2.0186e+01,4.5404e-06,90.00,100
SolarSail_2,1.607,42157.00,1.0000,3.0749,2.0186e+01,4.5404e-06,90.00,100
SolarSail_2,1.615,42157.00,1.0000,3.0749,2.0186e+01,4.5404e-06,90.00,100
SolarSail_2,1.624,42157.00,1.0000,3.0749,2.0186e+01,4.5404e-06,90.00,100
SolarSail_2,1.632,42157.00,1.0000,3.0749,2.0186e+01,4.5404e-06,90.00,100
SolarSail_2,1.640,42157.00,1.0000,3.0749,2.0186e+01,4.5404e-06,90.00,100
SolarSail_2,1.649,42157.00,1.0000,3.0749,2.0186e+01,4.5404e-06,90.00,100
SolarSail_2,1.657,42157.00,1.0000,3.0749,2.0186e+01,4.5404e-06,90.00,100
SolarSail_2,1.665,42157.00,1.0000,3.0749,2.0186e+01,4.5404e-06,90.00,100
SolarSail_2,1.674,42157.00,1.0000,3.0749,2.0186e+01,4.5404e-06,90.00,100
SolarSail_2,1.682,42157.00,1.0000,3.0749,2.0186e+01,4.5404e-06,90.00,100
SolarSail_2,1.690,42157.00,1.0000,3.0749,2.0186e+01,4.5404e-06,90.00,100
SolarSail_2,1.699,42157.00,1.0000,3.0749,2.0186e+01,4.5404e-06,90.00,100
SolarSail_2,1.707,42157.00,1.0000,3.0749,2.0186e+01,4.5404e-06,90.00,100
SolarSail_2,1.715,42157.00,1.0000,3.0749,2.0186e+01,4.5404e-06,90.00,100
SolarSail_2,1.724,42157.00,1.0000,3.0749,2.0186e+01,4.5404e-06,90.00,100
SolarSail_2,1.732,42157.00,1.0000,3.0749,2.0186e+01,4.5404e-06,90.00,100
SolarSail_2,1.740,42157.00,1.0000,3.0749,2.0186e+01,4.5404e-06,90.00,100
SolarSail_2,1.749,42157.00,1.0000,3.0749,2.0186e+01,4.5404e-06,90.00,100
SolarSail_2,1.757,42157.00,1.0000,3.0749,2.0186e+01,4.5404e-06,90.00,100
SolarSail_2,1.765,42157.00,1.0000,3.0749,2.0186e+01,4.5404e-06,90.00,100
SolarSail_2,1.774,42157.00,1.0000,3.0749,2.0186e+01,4.5404e-06,90.00,100
SolarSail_2,1.782,42157.00,1.0000,3.0749,2.0186e+01,4.5404e-06,90.00,100
SolarSail_2,1.790,42157.00,1.0000,3.0749,2.0186e+01,4.5404e-06,90.00,100
SolarSail_2,1.799,42157.00,1.0000,3.0749,2.0186e+01,4.5404e-06,90.00,100
SolarSail_2,1.807,42157.00,1.0000,3.0749,2.0186e+01,4.5404e-06,90.00,100
SolarSail_2,1.815,42157.00,1.0000,3.0749,2.0186e+01,4.5404e-06,90.00,100
SolarSail_2,1.824,42157.00,1.0000,3.0749,2.0186e+01,4.5404e-06,90.00,100
SolarSail_2,1.832,42157.00,1.0000,3.0749,2.0186e+01,4.5404e-06,90.00,100
SolarSail_2,1.840,42157.00,1.0000,3.0749,2.0186e+01,4.5404e-06,90.00,100
SolarSail_2,1.849,42157.00,1.0000,3.0749,2.0186e+01,4.5404e-06,90.00,100
SolarSail_2,1.857,42157.00,1.0000,3.0749,2.0186e+01,4.5404e-06,90.00,100
SolarSail_2,1.865,42157.00,1.0000,3.0749,2.0186e+01,4.5404e-06,90.00,100
SolarSail_2,1.874,42157.00,1.0000,3.0749,2.0186e+01,4.5404e-06,90.00,100
SolarSail_2,1.882,42157.00,1.0000,3.0749,2.0186e+01,4.5404e-06,90.00,100
SolarSail_2,1.890,42157.00,1.0000,3.0749,2.0186e+01,4.5404e-06,90.00,100
SolarSail_2,1.899,42157.00,1.0000,3.0749,2.0186e+01,4.5404e-06,90.00,100
SolarSail_2,1.907,42157.00,1.0000,3.0749,2.0186e+01,4.5404e-06,90.00,100
SolarSail_2,1.915,42157.00,1.0000,3.0749,2.0186e+01,4.5404e-06,90.00,100
SolarSail_2,1.924,42157.00,1.0000,3.0749,2.0186e+01,4.5404e-06,90.00,100
SolarSail_2,1.932,42157.00,1.0000,3.0749,2.0186e+01,4.5404e-06,90.00,100
SolarSail_2,1.940,42157.00,1.0000,3.0749,2.0186e+01,4.5404e-06,90.00,100
SolarSail_2,1.949,42157.00,1.0000,3.0749,2.0186e+01,4.5404e-06,90.00,100
SolarSail_2,1.957,42157.00,1.0000,3.0749,2.0186e+01,4.5404e-06,90.00,100
SolarSail_2,1.965,42157.00,1.0000,3.0749,2.0186e+01,4.5404e-06,90.00,100
SolarSail_2,1.974,42157.00,1.0000,3.0749,2.0186e+01,4.5404e-06,90.00,100
SolarSail_2,1.982,42157.00,1.0000,3.0749,2.0186e+01,4.5404e-06,90.00,100
SolarSail_2,1.990,42157.00,1.0000,3.0749,2.0186e+01,4.5404e-06,90.00,100
SolarSail_2,1.999,42157.00,1.0000,3.0749,2.0186e+01,4.5404e-06,90.00,100
SolarSail_2,2.007,42157.00,1.0000,3.0749,2.0186e+01,4.5404e-06,90.00,100
SolarSail_2,2.015,42157.00,1.0000,3.0749,2.0186e+01,4.5404e-06,90.00,100
SolarSail_2,2.024,42157.00,1.0000,3.0749,2.0186e+01,4.5404e-06,90.00,100
SolarSail_2,2.032,42157.00,1.0000,3.0749,2.0186e+01,4.5404e-06,90.00,100
SolarSail_2,2.040,42157.00,1.0000,3.0749,2.0186e+01,4.5404e-06,90.00,100
SolarSail_2,2.049,42157.00,1.0000,3.0749,2.0186e+01,4.5404e-06,90.00,100
SolarSail_2,2.057,42157.00,1.0000,3.0749,2.0186e+01,4.5404e-06,90.00,100
SolarSail_2,2.065,42157.00,1.0000,3.0749,2.0186e+01,4.5404e-06,90.00,100
SolarSail_2,2.074,42157.00,1.0000,3.0749,2.0186e+01,4.5404e-06,90.00,100
SolarSail_2,2.082,42157.00,1.0000,3.0749,2.0186e+01,4.5404e-06,90.00,100
SolarSail_2,2.090,42157.00,1.0000,3.0749,2.0186e+01,4.5404e-06,90.00,100
SolarSail_2,2.099,42157.00,1.0000,3.0749,2.0186e+01,4.5404e-06,90.00,100
SolarSail_2,2.107,42157.00,1.0000,3.0749,2.0186e+01,4.5404e-06,90.00,100
SolarSail_2,2.115,42157.00,1.0000,3.0749,2.0186e+01,4.5404e-06,90.00,100
SolarSail_2,2.124,42157.00,1.0000,3.0749,2.0186e+01,4.5404e-06,90.00,100
SolarSail_2,2.132,42157.00,1.0000,3.0749,2.0186e+01,4.5404e-06,90.00,100
SolarSail_2,2.140,42157.00,1.0000,3.0749,2.0186e+01,4.5404e-06,90.00,100
SolarSail_2,2.149,42157.00,1.0000,3.0749,2.0186e+01,4.5404e-06,90.00,100
SolarSail_2,2.157,42157.00,1.0000,3.0749,2.0186e+01,4.5404e-06,90.00,100
SolarSail_2,2.165,42157.00,1.0000,3.0749,2.0186e+01,4.5404e-06,90.00,100
SolarSail_2,2.179,42157.00,1.0000,3.0749,2.0186e+01,4.5404e-06,90.00,100
SolarSail_2,2.188,42157.00,1.0000,3.0749,2.0186e+01,4.5404e-06,90.00,100
SolarSail_2,2.196,42157.00,1.0000,3.0749,2.0186e+01,4.5404e-06,90.00,100
SolarSail_2,2.204,42157.00,1.0000,3.0749,2.0186e+01,4.5404e-06,90.00,100
SolarSail_2,2.213,42157.00,1.0000,3.0749,2.0186e+01,4.5404e-06,90.00,100
SolarSail_2,2.221,42157.00,1.0000,3.0749,2.0186e+01,4.5404e-06,90.00,100
SolarSail_2,2.229,42157.00,1.0000,3.0749,2.0186e+01,4.5404e-06,90.00,100
SolarSail_2,2.238,42157.00,1.0000,3.0749,2.0186e+01,4.5404e-06,90.00,100
SolarSail_2,2.246,42157.00,1.0000,3.0749,2.0186e+01,4.5404e-06,90.00,100
SolarSail_2,2.254,42157.00,1.0000,3.0749,2.0186e+01,4.5404e-06,90.00,100
SolarSail_2,2.263,42157.00,1.0000,3.0749,2.0186e+01,4.5404e-06,90.00,100
SolarSail_2,2.271,42157.00,1.0000,3.0749,2.0186e+01,4.5404e-06,90.00,100
SolarSail_2,2.279,42157.00,1.0000,3.0749,2.0186e+01,4.5404e-06,90.00,100
SolarSail_2,2.288,42157.00,1.0000,3.0749,2.0186e+01,4.5404e-06,90.00,100
SolarSail_2,2.296,42157.00,1.0000,3.0749,2.0186e+01,4.5404e-06,90.00,100
SolarSail_2,2.304,42157.00,1.0000,3.0749,2.0186e+01,4.5404e-06,90.00,100
SolarSail_2,2.313,42157.00,1.0000,3.0749,2.0186e+01,4.5404e-06,90.00,100
SolarSail_2,2.321,42157.00,1.0000,3.0749,2.0186e+01,4.5404e-06,90.00,100
SolarSail_2,2.329,42157.00,1.0000,3.0749,2.0186e+01,4.5404e-06,90.00,100
SolarSail_2,2.338,42157.00,1.0000,3.0749,2.0186e+01,4.5404e-06,90.00,100
SolarSail_2,2.346,42157.00,1.0000,3.0749,2.0186e+01,4.5404e-06,90.00,100
SolarSail_2,2.354,42157.00,1.0000,3.0749,2.0186e+01,4.5404e-06,90.00,100
SolarSail_2,2.363,42157.00,1.0000,3.0749,2.0186e+01,4.5404e-06,90.00,100
SolarSail_2,2.371,42157.00,1.0000,3.0749,2.0186e+01,4.5404e-06,90.00,100
SolarSail_2,2.379,42157.00,1.0000,3.0749,2.0186e+01,4.5404e-06,90.00,100
SolarSail_2,2.388,42157.00,1.0000,3.0749,2.0186e+01,4.5404e-06,90.00,100
SolarSail_2,2.396,42157.00,1.0000,3.0749,2.0186e+01,4.5404e-06,90.00,100
SolarSail_2,2.408,42157.00,1.0000,3.0749,2.0186e+01,4.5404e-06,90.00,100
SolarSail_2,2.416,42157.00,1.0000,3.0749,2.0186e+01,4.5404e-06,90.00,100
SolarSail_2,2.424,42157.00,1.0000,3.0749,2.0186e+01,4.5404e-06,90.00,100
SolarSail_2,2.433,42157.00,1.0000,3.0749,2.0186e+01,4.5404e-06,90.00,100
SolarSail_2,2.441,42157.00,1.0000,3.0749,2.0186e+01,4.5404e-06,90.00,100
SolarSail_2,2.449,42157.00,1.0000,3.0749,2.0186e+01,4.5404e-06,90.00,100
SolarSail_2,2.458,42157.00,1.0000,3.0749,2.0186e+01,4.5404e-06,90.00,100
SolarSail_2,2.466,42157.00,1.0000,3.0749,2.0186e+01,4.5404e-06,90.00,100
SolarSail_2,2.474,42157.00,1.0000,3.0749,2.0186e+01,4.5404e-06,90.00,100
SolarSail_2,2.483,42157.00,1.0000,3.0749,2.0186e+01,4.5404e-06,90.00,100
SolarSail_2,2.491,42157.00,1.0000,3.0749,2.0186e+01,4.5404e-06,90.00,100
SolarSail_2,2.499,42157.00,1.0000,3.0749,2.0186e+01,4.5404e-06,90.00,100
SolarSail_2,2.508,42157.00,1.0000,3.0749,2.0186e+01,4.5404e-06,90.00,100
SolarSail_2,2.516,42157.00,1.0000,3.0749,2.0186e+01,4.5404e-06,90.00,100
SolarSail_2,2.524,42157.00,1.0000,3.0749,2.0186e+01,4.5404e-06,90.00,100
SolarSail_2,2.533,42157.00,1.0000,3.0749,2.0186e+01,4.5404e-06,90.00,100
SolarSail_2,2.541,42157.00,1.0000,3.0749,2.0186e+01,4.5404e-06,90.00,100
SolarSail_2,2.549,42157.00,1.0000,3.0749,2.0186e+01,4.5404e-06,90.00,100
SolarSail_2,2.558,42157.00,1.0000,3.0749,2.0186e+01,4.5404e-06,90.00,100
SolarSail_2,2.566,42157.00,1.0000,3.0749,2.0186e+01,4.5404e-06,90.00,100
SolarSail_2,2.574,42157.00,1.0000,3.0749,2.0186e+01,4.5404e-06,90.00,100
SolarSail_2,2.583,42157.00,1.0000,3.0749,2.0186e+01,4.5404e-06,90.00,100
SolarSail_2,2.591,42157.00,1.0000,3.0749,2.0186e+01,4.5404e-06,90.00,100
SolarSail_2,2.599,42157.00,1.0000,3.0749,2.0186e+01,4.5404e-06,90.00,100
SolarSail_2,2.608,42157.00,1.0000,3.0749,2.0186e+01,4.5404e-06,90.00,100
SolarSail_2,2.616,42157.00,1.0000,3.0749,2.0186e+01,4.5404e-06,90.00,100
SolarSail_2,2.624,42157.00,1.0000,3.0749,2.0186e+01,4.5404e-06,90.00,100
SolarSail_2,2.633,42157.00,1.0000,3.0749,2.0186e+01,4.5404e-06,90.00,100
SolarSail_2,2.641,42157.00,1.0000,3.0749,2.0186e+01,4.5404e-06,90.00,100
SolarSail_2,2.649,42157.00,1.0000,3.0749,2.0186e+01,4.5404e-06,90.00,100
SolarSail_2,2.658,42157.00,1.0000,3.0749,2.0186e+01,4.5404e-06,90.00,100
SolarSail_2,2.666,42157.00,1.0000,3.0749,2.0186e+01,4.5404e-06,90.00,100
SolarSail_2,2.674,42157.00,1.0000,3.0749,2.0186e+01,4.5404e-06,90.00,100
SolarSail_2,2.683,42157.00,1.0000,3.0749,2.0186e+01,4.5404e-06,90.00,100
SolarSail_2,2.691,42157.00,1.0000,3.0749,2.0186e+01,4.5404e-06,90.00,100
SolarSail_2,2.699,42157.00,1.0000,3.0749,2.0186e+01,4.5404e-06,90.00,100
SolarSail_2,2.708,42157.00,1.0000,3.0749,2.0186e+01,4.5404e-06,90.00,100
SolarSail_2,2.716,42157.00,1.0000,3.0749,2.0186e+01,4.5404e-06,90.00,100
SolarSail_2,2.724,42157.00,1.0000,3.0749,2.0186e+01,4.5404e-06,90.00,100
SolarSail_2,2.733,42157.00,1.0000,3.0749,2.0186e+01,4.5404e-06,90.00,100
SolarSail_2,2.741,42157.00,1.0000,3.0749,2.0186e+01,4.5404e-06,90.00,100
SolarSail_2,2.749,42157.00,1.0000,3.0749,2.0186e+01,4.5404e-06,90.00,100
SolarSail_2,2.758,42157.00,1.0000,3.0749,2.0186e+01,4.5404e-06,90.00,100
SolarSail_2,2.766,42157.00,1.0000,3.0749,2.0186e+01,4.5404e-06,90.00,100
SolarSail_2,2.774,42157.00,1.0000,3.0749,2.0186e+01,4.5404e-06,90.00,100
SolarSail_2,2.783,42157.00,1.0000,3.0749,2.0186e+01,4.5404e-06,90.00,100
SolarSail_2,2.791,42157.00,1.0000,3.0749,2.0186e+01,4.5404e-06,90.00,100
SolarSail_2,2.799,42157.00,1.0000,3.0749,2.0186e+01,4.5404e-06,90.00,100
SolarSail_2,2.808,42157.00,1.0000,3.0749,2.0186e+01,4.5404e-06,90.00,100
SolarSail_2,2.816,42157.00,1.0000,3.0749,2.0186e+01,4.5404e-06,90.00,100
SolarSail_2,2.824,42157.00,1.0000,3.0749,2.0186e+01,4.5404e-06,90.00,100
SolarSail_2,2.833,42157.00,1.0000,3.0749,2.0186e+01,4.5404e-06,90.00,100
SolarSail_2,2.841,42157.00,1.0000,3.0749,2.0186e+01,4.5404e-06,90.00,100
SolarSail_2,2.849,42157.00,1.0000,3.0749,2.0186e+01,4.5404e-06,90.00,100
SolarSail_2,2.858,42157.00,1.0000,3.0749,2.0186e+01,4.5404e-06,90.00,100
SolarSail_2,2.866,42157.00,1.0000,3.0749,2.0186e+01,4.5404e-06,90.00,100
SolarSail_2,2.874,42157.00,1.0000,3.0749,2.0186e+01,4.5404e-06,90.00,100
SolarSail_2,2.883,42157.00,1.0000,3.0749,2.0186e+01,4.5404e-06,90.00,100
SolarSail_2,2.891,42157.00,1.0000,3.0749,2.0186e+01,4.5404e-06,90.00,100
SolarSail_2,2.899,42157.00,1.0000,3.0749,2.0186e+01,4.5404e-06,90.00,100
SolarSail_2,2.908,42157.00,1.0000,3.0749,2.0186e+01,4.5404e-06,90.00,100
SolarSail_2,2.916,42157.00,1.0000,3.0749,2.0186e+01,4.5404e-06,90.00,100
SolarSail_2,2.924,42157.00,1.0000,3.0749,2.0186e+01,4.5404e-06,90.00,100
SolarSail_2,2.933,42157.00,1.0000,3.0749,2.0186e+01,4.5404e-06,90.00,100
SolarSail_2,2.941,42157.00,1.0000,3.0749,2.0186e+01,4.5404e-06,90.00,100
SolarSail_2,2.949,42157.00,1.0000,3.0749,2.0186e+01,4.5404e-06,90.00,100
SolarSail_2,2.958,42157.00,1.0000,3.0749,2.0186e+01,4.5404e-06,90.00,100
SolarSail_2,2.966,42157.00,1.0000,3.0749,2.0186e+01,4.5404e-06,90.00,100
SolarSail_2,2.974,42157.00,1.0000,3.0749,2.0186e+01,4.5404e-06,90.00,100
SolarSail_2,2.989,42157.00,1.0000,3.0749,2.0186e+01,4.5404e-06,90.00,100
SolarSail_2,2.997,42157.00,1.0000,3.0749,2.0186e+01,4.5404e-06,90.00,100
SolarSail_2,3.006,42157.00,1.0000,3.0749,2.0186e+01,4.5404e-06,90.00,100
SolarSail_2,3.014,42157.00,1.0000,3.0749,2.0186e+01,4.5404e-06,90.00,100
SolarSail_2,3.022,42157.00,1.0000,3.0749,2.0186e+01,4.5404e-06,90.00,100
SolarSail_2,3.031,42157.00,1.0000,3.0749,2.0186e+01,4.5404e-06,90.00,100
SolarSail_2,3.039,42157.00,1.0000,3.0749,2.0186e+01,4.5404e-06,90.00,100
SolarSail_2,3.047,42157.00,1.0000,3.0749,2.0186e+01,4.5404e-06,90.00,100
SolarSail_2,3.056,42157.00,1.0000,3.0749,2.0186e+01,4.5404e-06,90.00,100
SolarSail_2,3.064,42157.00,1.0000,3.0749,2.0186e+01,4.5404e-06,90.00,100
SolarSail_2,3.072,42157.00,1.0000,3.0749,2.0186e+01,4.5404e-06,90.00,100
SolarSail_2,3.081,42157.00,1.0000,3.0749,2.0186e+01,4.5404e-06,90.00,100
SolarSail_2,3.089,42157.00,1.0000,3.0749,2.0186e+01,4.5404e-06,90.00,100
SolarSail_2,3.111,42157.00,1.0000,3.0749,2.0186e+01,4.5404e-06,90.00,100
SolarSail_2,3.120,42157.00,1.0000,3.0749,2.0186e+01,4.5404e-06,90.00,100
SolarSail_2,3.128,42157.00,1.0000,3.0749,2.0186e+01,4.5404e-06,90.00,100
SolarSail_2,3.136,42157.00,1.0000,3.0749,2.0186e+01,4.5404e-06,90.00,100
SolarSail_2,3.145,42157.00,1.0000,3.0749,2.0186e+01,4.5404e-06,90.00,100
SolarSail_2,3.153,42157.00,1.0000,3.0749,2.0186e+01,4.5404e-06,90.00,100
SolarSail_2,3.161,42157.00,1.0000,3.0749,2.0186e+01,4.5404e-06,90.00,100
SolarSail_2,3.170,42157.00,1.0000,3.0749,2.0186e+01,4.5404e-06,90.00,100
SolarSail_2,3.178,42157.00,1.0000,3.0749,2.0186e+01,4.5404e-06,90.00,100
SolarSail_2,3.186,42157.00,1.0000,3.0749,2.0186e+01,4.5404e-06,90.00,100
SolarSail_2,3.195,42157.00,1.0000,3.0749,2.0186e+01,4.5404e-06,90.00,100
SolarSail_2,3.203,42157.00,1.0000,3.0749,2.0186e+01,4.5404e-06,90.00,100
SolarSail_2,3.211,42157.00,1.0000,3.0749,2.0186e+01,4.5404e-06,90.00,100
SolarSail_2,3.220,42157.00,1.0000,3.0749,2.0186e+01,4.5404e-06,90.00,100
SolarSail_2,3.228,42157.00,1.0000,3.0749,2.0186e+01,4.5404e-06,90.00,100
SolarSail_2,3.236,42157.00,1.0000,3.0749,2.0186e+01,4.5404e-06,90.00,100
SolarSail_2,3.245,42157.00,1.0000,3.0749,2.0186e+01,4.5404e-06,90.00,100
SolarSail_2,3.253,42157.00,1.0000,3.0749,2.0186e+01,4.5404e-06,90.00,100
SolarSail_2,3.261,42157.00,1.0000,3.0749,2.0186e+01,4.5404e-06,90.00,100
SolarSail_2,3.270,42157.00,1.0000,3.0749,2.0186e+01,4.5404e-06,90.00,100
SolarSail_2,3.278,42157.00,1.0000,3.0749,2.0186e+01,4.5404e-06,90.00,100
SolarSail_2,3.286,42157.00,1.0000,3.0749,2.0186e+01,4.5404e-06,90.00,100
SolarSail_2,3.295,42157.00,1.0000,3.0749,2.0186e+01,4.5404e-06,90.00,100
SolarSail_2,3.303,42157.00,1.0000,3.0749,2.0186e+01,4.5404e-06,90.00,100
SolarSail_2,3.311,42157.00,1.0000,3.0749,2.0186e+01,4.5404e-06,90.00,100
SolarSail_2,3.320,42157.00,1.0000,3.0749,2.0186e+01,4.5404e-06,90.00,100
SolarSail_2,3.328,42157.00,1.0000,3.0749,2.0186e+01,4.5404e-06,90.00,100
SolarSail_2,3.336,42157.00,1.0000,3.0749,2.0186e+01,4.5404e-06,90.00,100
SolarSail_2,3.345,42157.00,1.0000,3.0749,2.0186e+01,4.5404e-06,90.00,100
SolarSail_2,3.353,42157.00,1.0000,3.0749,2.0186e+01,4.5404e-06,90.00,100
SolarSail_2,3.361,42157.00,1.0000,3.0749,2.0186e+01,4.5404e-06,90.00,100
SolarSail_2,3.370,42157.00,1.0000,3.0749,2.0186e+01,4.5404e-06,90.00,100
SolarSail_2,3.378,42157.00,1.0000,3.0749,2.0186e+01,4.5404e-06,90.00,100
SolarSail_2,3.386,42157.00,1.0000,3.0749,2.0186e+01,4.5404e-06,90.00,100
SolarSail_2,3.395,42157.00,1.0000,3.0749,2.0186e+01,4.5404e-06,90.00,100
SolarSail_2,3.403,42157.00,1.0000,3.0749,2.0186e+01,4.5404e-06,90.00,100
SolarSail_2,3.411,42157.00,1.0000,3.0749,2.0186e+01,4.5404e-06,90.00,100
SolarSail_2,3.420,42157.00,1.0000,3.0749,2.0186e+01,4.5404e-06,90.00,100
SolarSail_2,3.428,42157.00,1.0000,3.0749,2.0186e+01,4.5404e-06,90.00,100
SolarSail_2,3.436,42157.00,1.0000,3.0749,2.0186e+01,4.5404e-06,90.00,100
SolarSail_2,3.445,42157.00,1.0000,3.0749,2.0186e+01,4.5404e-06,90.00,100
SolarSail_2,3.453,42157.00,1.0000,3.0749,2.0186e+01,4.5404e-06,90.00,100
SolarSail_2,3.461,42157.00,1.0000,3.0749,2.0186e+01,4.5404e-06,90.00,100
SolarSail_2,3.470,42157.00,1.0000,3.0749,2.0186e+01,4.5404e-06,90.00,100
SolarSail_2,3.478,42157.00,1.0000,3.0749,2.0186e+01,4.5404e-06,90.00,100
SolarSail_2,3.486,42157.00,1.0000,3.0749,2.0186e+01,4.5404e-06,90.00,100
SolarSail_2,3.495,42157.00,1.0000,3.0749,2.0186e+01,4.5404e-06,90.00,100
SolarSail_2,3.503,42157.00,1.0000,3.0749,2.0186e+01,4.5404e-06,90.00,100
SolarSail_2,3.511,42157.00,1.0000,3.0749,2.0186e+01,4.5404e-06,90.00,100
SolarSail_2,3.520,42157.00,1.0000,3.0749,2.0186e+01,4.5404e-06,90.00,100
SolarSail_2,3.528,42157.00,1.0000,3.0749,2.0186e+01,4.5404e-06,90.00,100
SolarSail_2,3.536,42157.00,1.0000,3.0749,2.0186e+01,4.5404e-06,90.00,100
SolarSail_2,3.545,42157.00,1.0000,3.0749,2.0186e+01,4.5404e-06,90.00,100
SolarSail_2,3.553,42157.00,1.0000,3.0749,2.0186e+01,4.5404e-06,90.00,100
SolarSail_2,3.561,42157.00,1.0000,3.0749,2.0186e+01,4.5404e-06,90.00,100
SolarSail_2,3.570,42157.00,1.0000,3.0749,2.0186e+01,4.5404e-06,90.00,100
SolarSail_2,3.578,42157.00,1.0000,3.0749,2.0186e+01,4.5404e-06,90.00,100
SolarSail_2,3.586,42157.00,1.0000,3.0749,2.0186e+01,4.5404e-06,90.00,100
SolarSail_2,3.595,42157.00,1.0000,3.0749,2.0186e+01,4.5404e-06,90.00,100
SolarSail_2,3.603,42157.00,1.0000,3.0749,2.0186e+01,4.5404e-06,90.00,100
SolarSail_2,3.611,42157.00,1.0000,3.0749,2.0186e+01,4.5404e-06,90.00,100
SolarSail_2,3.620,42157.00,1.0000,3.0749,2.0186e+01,4.5404e-06,90.00,100
SolarSail_2,3.628,42157.00,1.0000,3.0749,2.0186e+01,4.5404e-06,90.00,100
SolarSail_2,3.636,42157.00,1.0000,3.0749,2.0186e+01,4.5404e-06,90.00,100
SolarSail_2,3.645,42157.00,1.0000,3.0749,2.0186e+01,4.5404e-06,90.00,100
SolarSail_2,3.653,42157.00,1.0000,3.0749,2.0186e+01,4.5404e-06,90.00,100
SolarSail_2,3.661,42157.00,1.0000,3.0749,2.0186e+01,4.5404e-06,90.00,100
SolarSail_2,3.670,42157.00,1.0000,3.0749,2.0186e+01,4.5404e-06,90.00,100
SolarSail_2,3.678,42157.00,1.0000,3.0749,2.0186e+01,4.5404e-06,90.00,100
SolarSail_2,3.686,42157.00,1.0000,3.0749,2.0186e+01,4.5404e-06,90.00,100
SolarSail_2,3.695,42157.00,1.0000,3.0749,2.0186e+01,4.5404e-06,90.00,100
SolarSail_2,3.703,42157.00,1.0000,3.0749,2.0186e+01,4.5404e-06,90.00,100
SolarSail_2,3.711,42157.00,1.0000,3.0749,2.0186e+01,4.5404e-06,90.00,100
SolarSail_2,3.720,42157.00,1.0000,3.0749,2.0186e+01,4.5404e-06,90.00,100
SolarSail_2,3.728,42157.00,1.0000,3.0749,2.0186e+01,4.5404e-06,90.00,100
SolarSail_2,3.736,42157.00,1.0000,3.0749,2.0186e+01,4.5404e-06,90.00,100
SolarSail_2,3.745,42157.00,1.0000,3.0749,2.0186e+01,4.5404e-06,90.00,100
SolarSail_2,3.753,42157.00,1.0000,3.0749,2.0186e+01,4.5404e-06,90.00,100
SolarSail_2,3.761,42157.00,1.0000,3.0749,2.0186e+01,4.5404e-06,90.00,100
SolarSail_2,3.770,42157.00,1.0000,3.0749,2.0186e+01,4.5404e-06,90.00,100
SolarSail_2,3.778,42157.00,1.0000,3.0749,2.0186e+01,4.5404e-06,90.00,100
SolarSail_2,3.786,42157.00,1.0000,3.0749,2.0186e+01,4.5404e-06,90.00,100
SolarSail_2,3.795,42157.00,1.0000,3.0749,2.0186e+01,4.5404e-06,90.00,100
SolarSail_2,3.803,42157.00,1.0000,3.0749,2.0186e+01,4.5404e-06,90.00,100
SolarSail_2,3.811,42157.00,1.0000,3.0749,2.0186e+01,4.5404e-06,90.00,100
SolarSail_2,3.820,42157.00,1.0000,3.0749,2.0186e+01,4.5404e-06,90.00,100
SolarSail_2,3.828,42157.00,1.0000,3.0749,2.0186e+01,4.5404e-06,90.00,100
SolarSail_2,3.836,42157.00,1.0000,3.0749,2.0186e+01,4.5404e-06,90.00,100
SolarSail_2,3.845,42157.00,1.0000,3.0749,2.0186e+01,4.5404e-06,90.00,100
SolarSail_2,3.853,42157.00,1.0000,3.0749,2.0186e+01,4.5404e-06,90.00,100
SolarSail_2,3.861,42157.00,1.0000,3.0749,2.0186e+01,4.5404e-06,90.00,100
SolarSail_2,3.870,42157.00,1.0000,3.0749,2.0186e+01,4.5404e-06,90.00,100
SolarSail_2,3.878,42157.00,1.0000,3.0749,2.0186e+01,4.5404e-06,90.00,100
SolarSail_2,3.886,42157.00,1.0000,3.0749,2.0186e+01,4.5404e-06,90.00,100
SolarSail_2,3.895,42157.00,1.0000,3.0749,2.0186e+01,4.5404e-06,90.00,100
SolarSail_2,3.903,42157.00,1.0000,3.0749,2.0186e+01,4.5404e-06,90.00,100
SolarSail_2,3.911,42157.00,1.0000,3.0749,2.0186e+01,4.5404e-06,90.00,100
SolarSail_2,3.920,42157.00,1.0000,3.0749,2.0186e+01,4.5404e-06,90.00,100
SolarSail_2,3.928,42157.00,1.0000,3.0749,2.0186e+01,4.5404e-06,90.00,100
SolarSail_2,3.936,42157.00,1.0000,3.0749,2.0186e+01,4.5404e-06,90.00,100
SolarSail_2,3.945,42157.00,1.0000,3.0749,2.0186e+01,4.5404e-06,90.00,100
SolarSail_2,3.953,42157.00,1.0000,3.0749,2.0186e+01,4.5404e-06,90.00,100
SolarSail_2,3.961,42157.00,1.0000,3.0749,2.0186e+01,4.5404e-06,90.00,100
SolarSail_2,3.970,42157.00,1.0000,3.0749,2.0186e+01,4.5404e-06,90.00,100
SolarSail_2,3.978,42157.00,1.0000,3.0749,2.0186e+01,4.5404e-06,90.00,100
SolarSail_2,3.986,42157.00,1.0000,3.0749,2.0186e+01,4.5404e-06,90.00,100
SolarSail_2,3.995,42157.00,1.0000,3.0749,2.0186e+01,4.5404e-06,90.00,100
SolarSail_2,4.003,42157.00,1.0000,3.0749,2.0186e+01,4.5404e-06,90.00,100
SolarSail_2,4.011,42157.00,1.0000,3.0749,2.0186e+01,4.5404e-06,90.00,100
SolarSail_2,4.020,42157.00,1.0000,3.0749,2.0186e+01,4.5404e-06,90.00,100
SolarSail_2,4.028,42157.00,1.0000,3.0749,2.0186e+01,4.5404e-06,90.00,100
SolarSail_2,4.036,42157.00,1.0000,3.0749,2.0186e+01,4.5404e-06,90.00,100
SolarSail_2,4.045,42157.00,1.0000,3.0749,2.0186e+01,4.5404e-06,90.00,100
SolarSail_2,4.053,42157.00,1.0000,3.0749,2.0186e+01,4.5404e-06,90.00,100
SolarSail_2,4.061,42157.00,1.0000,3.0749,2.0186e+01,4.5404e-06,90.00,100
SolarSail_2,4.070,42157.00,1.0000,3.0749,2.0186e+01,4.5404e-06,90.00,100
SolarSail_2,4.078,42157.00,1.0000,3.0749,2.0186e+01,4.5404e-06,90.00,100
SolarSail_2,4.086,42157.00,1.0000,3.0749,2.0186e+01,4.5404e-06,90.00,100
SolarSail_2,4.095,42157.00,1.0000,3.0749,2.0186e+01,4.5404e-06,90.00,100
SolarSail_2,4.103,42157.00,1.0000,3.0749,2.0186e+01,4.5404e-06,90.00,100
SolarSail_2,4.111,42157.00,1.0000,3.0749,2.0186e+01,4.5404e-06,90.00,100
SolarSail_2,4.120,42157.00,1.0000,3.0749,2.0186e+01,4.5404e-06,90.00,100
SolarSail_2,4.128,42157.00,1.0000,3.0749,2.0186e+01,4.5404e-06,90.00,100
SolarSail_2,4.136,42157.00,1.0000,3.0749,2.0186e+01,4.5404e-06,90.00,100
SolarSail_2,4.145,42157.00,1.0000,3.0749,2.0186e+01,4.5404e-06,90.00,100
SolarSail_2,4.153,42157.00,1.0000,3.0749,2.0186e+01,4.5404e-06,90.00,100
SolarSail_2,4.161,42157.00,1.0000,3.0749,2.0186e+01,4.5404e-06,90.00,100
SolarSail_2,4.170,42157.00,1.0000,3.0749,2.0186e+01,4.5404e-06,90.00,100
SolarSail_2,4.178,42157.00,1.0000,3.0749,2.0186e+01,4.5404e-06,90.00,100
SolarSail_2,4.186,42157.00,1.0000,3.0749,2.0186e+01,4.5404e-06,90.00,100
SolarSail_2,4.195,42157.00,1.0000,3.0749,2.0186e+01,4.5404e-06,90.00,100
SolarSail_2,4.203,42157.00,1.0000,3.0749,2.0186e+01,4.5404e-06,90.00,100
SolarSail_2,4.211,42157.00,1.0000,3.0749,2.0186e+01,4.5404e-06,90.00,100
SolarSail_2,4.220,42157.00,1.0000,3.0749,2.0186e+01,4.5404e-06,90.00,100
SolarSail_2,4.228,42157.00,1.0000,3.0749,2.0186e+01,4.5404e-06,90.00,100
SolarSail_2,4.236,42157.00,1.0000,3.0749,2.0186e+01,4.5404e-06,90.00,30
SolarSail_2,4.245,42157.00,1.0000,3.0749,2.0186e+01,4.5404e-06,90.00,30
SolarSail_2,4.253,42157.00,1.0000,3.0749,2.0186e+01,4.5404e-06,90.00,30
SolarSail_2,4.261,42157.00,1.0000,3.0749,2.0186e+01,4.5404e-06,90.00,30
SolarSail_2,4.270,42157.00,1.0000,3.0749,2.0186e+01,4.5404e-06,90.00,30
SolarSail_2,4.278,42157.00,1.0000,3.0749,2.0186e+01,4.5404e-06,90.00,30
SolarSail_2,4.286,42157.00,1.0000,3.0749,2.0186e+01,4.5404e-06,90.00,30
SolarSail_2,4.295,42157.00,1.0000,3.0749,2.0186e+01,4.5404e-06,90.00,30
SolarSail_2,4.303,42157.00,1.0000,3.0749,2.0186e+01,4.5404e-06,90.00,30
SolarSail_2,4.311,42157.00,1.0000,3.0749,2.0186e+01,4.5404e-06,90.00,30
SolarSail_2,4.320,42157.00,1.0000,3.0749,2.0186e+01,4.5404e-06,90.00,30
SolarSail_2,4.328,42157.00,1.0000,3.0749,2.0186e+01,4.5404e-06,90.00,30
SolarSail_2,4.337,42157.00,1.0000,3.0749,2.0186e+01,4.5404e-06,90.00,30
SolarSail_2,4.345,42157.00,1.0000,3.0749,2.0186e+01,4.5404e-06,90.00,30
SolarSail_2,4.353,42157.00,1.0000,3.0749,2.0186e+01,4.5404e-06,90.00,30
SolarSail_2,4.362,42157.00,1.0000,3.0749,2.0186e+01,4.5404e-06,90.00,30
SolarSail_2,4.370,42157.00,1.0000,3.0749,2.0186e+01,4.5404e-06,90.00,30
SolarSail_2,4.378,42157.00,1.0000,3.0749,2.0186e+01,4.5404e-06,90.00,30
SolarSail_2,4.387,42157.00,1.0000,3.0749,2.0186e+01,4.5404e-06,90.00,30
SolarSail_2,4.395,42157.00,1.0000,3.0749,2.0186e+01,4.5404e-06,90.00,30
SolarSail_2,4.403,42157.00,1.0000,3.0749,2.0186e+01,4.5404e-06,90.00,30
SolarSail_2,4.412,42157.00,1.0000,3.0749,2.0186e+01,4.5404e-06,90.00,30
SolarSail_2,4.420,42157.00,1.0000,3.0749,2.0186e+01,4.5404e-06,90.00,30
SolarSail_2,4.428,42157.00,1.0000,3.0749,2.0186e+01,4.5404e-06,90.00,30
SolarSail_2,4.437,42157.00,1.0000,3.0749,2.0186e+01,4.5404e-06,90.00,20
SolarSail_2,4.445,42157.00,1.0000,3.0749,2.0186e+01,4.5404e-06,90.00,20
SolarSail_2,4.453,42157.00,1.0000,3.0749,2.0186e+01,4.5404e-06,90.00,20
SolarSail_2,4.462,42157.00,1.0000,3.0749,2.0186e+01,4.5404e-06,90.00,20
SolarSail_2,4.470,42157.00,1.0000,3.0749,2.0186e+01,4.5404e-06,90.00,20
SolarSail_2,4.478,42157.00,1.0000,3.0749,2.0186e+01,4.5404e-06,90.00,20
SolarSail_2,4.487,42157.00,1.0000,3.0749,2.0186e+01,4.5404e-06,90.00,20
SolarSail_2,4.495,42157.00,1.0000,3.0749,2.0186e+01,4.5404e-06,90.00,20
SolarSail_2,4.503,42157.00,1.0000,3.0749,2.0186e+01,4.5404e-06,90.00,20
SolarSail_2,4.512,42157.00,1.0000,3.0749,2.0186e+01,4.5404e-06,90.00,20
SolarSail_2,4.520,42157.00,1.0000,3.0749,2.0186e+01,4.5404e-06,90.00,20
SolarSail_2,4.528,42157.00,1.0000,3.0749,2.0186e+01,4.5404e-06,90.00,20
SolarSail_2,4.537,42157.00,1.0000,3.0749,2.0186e+01,4.5404e-06,90.00,20
SolarSail_2,4.545,42157.00,1.0000,3.0749,2.0186e+01,4.5404e-06,90.00,20
SolarSail_2,4.553,42157.00,1.0000,3.0749,2.0186e+01,4.5404e-06,90.00,20
SolarSail_2,4.562,42157.00,1.0000,3.0749,2.0186e+01,4.5404e-06,90.00,20
SolarSail_2,4.570,42157.00,1.0000,3.0749,2.0186e+01,4.5404e-06,90.00,20
SolarSail_2,4.578,42157.00,1.0000,3.0749,2.0186e+01,4.5404e-06,90.00,20
SolarSail_2,4.587,42157.00,1.0000,3.0749,2.0186e+01,4.5404e-06,90.00,20
SolarSail_2,4.595,42157.00,1.0000,3.0749,2.0186e+01,4.5404e-06,90.00,20
SolarSail_2,4.603,42157.00,1.0000,3.0749,2.0186e+01,4.5404e-06,90.00,20
SolarSail_2,4.612,42157.00,1.0000,3.0749,2.0186e+01,4.5404e-06,90.00,20
SolarSail_2,4.620,42157.00,1.0000,3.0749,2.0186e+01,4.5404e-06,90.00,20
SolarSail_2,4.628,42157.00,1.0000,3.0749,2.0186e+01,4.5404e-06,90.00,20
SolarSail_2,4.637,42157.00,1.0000,3.0749,2.0186e+01,4.5404e-06,90.00,10
SolarSail_2,4.645,42157.00,1.0000,3.0749,2.0186e+01,4.5404e-06,90.00,10
SolarSail_2,4.653,42157.00,1.0000,3.0749,2.0186e+01,4.5404e-06,90.00,10
SolarSail_2,4.662,42157.00,1.0000,3.0749,2.0186e+01,4.5404e-06,90.00,10
SolarSail_2,4.670,42157.00,1.0000,3.0749,2.0186e+01,4.5404e-06,90.00,10
SolarSail_2,4.678,42157.00,1.0000,3.0749,2.0186e+01,4.5404e-06,90.00,10
SolarSail_2,4.687,42157.00,1.0000,3.0749,2.0186e+01,4.5404e-06,90.00,10
SolarSail_2,4.695,42157.00,1.0000,3.0749,2.0186e+01,4.5404e-06,90.00,10
SolarSail_2,4.703,42157.00,1.0000,3.0749,2.0186e+01,4.5404e-06,90.00,10
SolarSail_2,4.712,42157.00,1.0000,3.0749,2.0186e+01,4.5404e-06,90.00,10
SolarSail_2,4.720,42157.00,1.0000,3.0749,2.0186e+01,4.5404e-06,90.00,10
SolarSail_2,4.728,42157.00,1.0000,3.0749,2.0186e+01,4.5404e-06,90.00,10
SolarSail_2,4.737,42157.00,1.0000,3.0749,2.0186e+01,4.5404e-06,90.00,10
SolarSail_2,4.745,42157.00,1.0000,3.0749,2.0186e+01,4.5404e-06,90.00,10
SolarSail_2,4.753,42157.00,1.0000,3.0749,2.0186e+01,4.5404e-06,90.00,10
SolarSail_2,4.762,42157.00,1.0000,3.0749,2.0186e+01,4.5404e-06,90.00,10
SolarSail_2,4.770,42157.00,1.0000,3.0749,2.0186e+01,4.5404e-06,90.00,10
SolarSail_2,4.778,42157.00,1.0000,3.0749,2.0186e+01,4.5404e-06,90.00,10
SolarSail_2,4.787,42157.00,1.0000,3.0749,2.0186e+01,4.5404e-06,90.00,10
SolarSail_2,4.795,42157.00,1.0000,3.0749,2.0186e+01,4.5404e-06,90.00,10
SolarSail_2,4.803,42157.00,1.0000,3.0749,2.0186e+01,4.5404e-06,90.00,10
SolarSail_2,4.812,42157.00,1.0000,3.0749,2.0186e+01,4.5404e-06,90.00,10
SolarSail_2,4.820,42157.00,1.0000,3.0749,2.0186e+01,4.5404e-06,90.00,10
SolarSail_2,4.828,42157.00,1.0000,3.0749,2.0186e+01,4.5404e-06,90.00,10
SolarSail_2,4.837,42157.00,1.0000,3.0749,2.0186e+01,4.5404e-06,90.00,10
SolarSail_2,4.845,42157.00,1.0000,3.0749,2.0186e+01,4.5404e-06,90.00,10
SolarSail_2,4.853,42157.00,1.0000,3.0749,2.0186e+01,4.5404e-06,90.00,10
SolarSail_2,4.862,42157.00,1.0000,3.0749,2.0186e+01,4.5404e-06,90.00,10
SolarSail_2,4.870,42157.00,1.0000,3.0749,2.0186e+01,4.5404e-06,90.00,10
SolarSail_2,4.878,42157.00,1.0000,3.0749,2.0186e+01,4.5404e-06,90.00,10
SolarSail_2,4.887,42157.00,1.0000,3.0749,2.0186e+01,4.5404e-06,90.00,10
SolarSail_2,4.895,42157.00,1.0000,3.0749,2.0186e+01,4.5404e-06,90.00,10
SolarSail_2,4.903,42157.00,1.0000,3.0749,2.0186e+01,4.5404e-06,90.00,10
SolarSail_2,4.912,42157.00,1.0000,3.0749,2.0186e+01,4.5404e-06,90.00,10
SolarSail_2,4.920,42157.00,1.0000,3.0749,2.0186e+01,4.5404e-06,90.00,10
SolarSail_2,4.928,42157.00,1.0000,3.0749,2.0186e+01,4.5404e-06,90.00,10
SolarSail_2,4.937,42157.00,1.0000,3.0749,2.0186e+01,4.5404e-06,90.00,10
SolarSail_2,4.945,42157.00,1.0000,3.0749,2.0186e+01,4.5404e-06,90.00,10
SolarSail_2,4.953,42157.00,1.0000,3.0749,2.0186e+01,4.5404e-06,90.00,10
SolarSail_2,4.962,42157.00,1.0000,3.0749,2.0186e+01,4.5404e-06,90.00,10
SolarSail_2,4.970,42157.00,1.0000,3.0749,2.0186e+01,4.5404e-06,90.00,10
SolarSail_2,4.978,42157.00,1.0000,3.0749,2.0186e+01,4.5404e-06,90.00,10
SolarSail_2,4.987,42157.00,1.0000,3.0749,2.0186e+01,4.5404e-06,90.00,10
SolarSail_2,4.995,42157.00,1.0000,3.0749,2.0186e+01,4.5404e-06,90.00,10
SolarSail_2,5.003,42157.00,1.0000,3.0749,2.0186e+01,4.5404e-06,90.00,10
SolarSail_2,5.012,42157.00,1.0000,3.0749,2.0186e+01,4.5404e-06,90.00,10
SolarSail_2,5.020,42157.00,1.0000,3.0749,2.0186e+01,4.5404e-06,90.00,10
SolarSail_2,5.028,42157.00,1.0000,3.0749,2.0186e+01,4.5404e-06,90.00,10
SolarSail_2,5.037,42157.00,1.0000,3.0749,2.0186e+01,4.5404e-06,90.00,10
SolarSail_2,5.045,42157.00,1.0000,3.0749,2.0186e+01,4.5404e-06,90.00,10
SolarSail_2,5.053,42157.00,1.0000,3.0749,2.0186e+01,4.5404e-06,90.00,10
SolarSail_2,5.062,42157.00,1.0000,3.0749,2.0186e+01,4.5404e-06,90.00,10
SolarSail_2,5.070,42157.00,1.0000,3.0749,2.0186e+01,4.5404e-06,90.00,10
SolarSail_2,5.078,42157.00,1.0000,3.0749,2.0186e+01,4.5404e-06,90.00,10
SolarSail_2,5.087,42157.00,1.0000,3.0749,2.0186e+01,4.5404e-06,90.00,10
SolarSail_2,5.095,42157.00,1.0000,3.0749,2.0186e+01,4.5404e-06,90.00,10
SolarSail_2,5.103,42157.00,1.0000,3.0749,2.0186e+01,4.5404e-06,90.00,10
SolarSail_2,5.112,42157.00,1.0000,3.0749,2.0186e+01,4.5404e-06,90.00,10
SolarSail_2,5.120,42157.00,1.0000,3.0749,2.0186e+01,4.5404e-06,90.00,10
SolarSail_2,5.128,42157.00,1.0000,3.0749,2.0186e+01,4.5404e-06,90.00,10
SolarSail_2,5.137,42157.00,1.0000,3.0749,2.0186e+01,4.5404e-06,90.00,10
SolarSail_2,5.145,42157.00,1.0000,3.0749,2.0186e+01,4.5404e-06,90.00,10
SolarSail_2,5.153,42157.00,1.0000,3.0749,2.0186e+01,4.5404e-06,90.00,10
SolarSail_2,5.163,42157.00,1.0000,3.0749,2.0186e+01,4.5404e-06,90.00,10
SolarSail_2,5.171,42157.00,1.0000,3.0749,2.0186e+01,4.5404e-06,90.00,10
SolarSail_2,5.180,42157.00,1.0000,3.0749,2.0186e+01,4.5404e-06,90.00,10
SolarSail_2,5.188,42157.00,1.0000,3.0749,2.0186e+01,4.5404e-06,90.00,10
SolarSail_2,5.196,42157.00,1.0000,3.0749,2.0186e+01,4.5404e-06,90.00,10
SolarSail_2,5.205,42157.00,1.0000,3.0749,2.0186e+01,4.5404e-06,89.99,10
SolarSail_2,5.213,42157.00,1.0000,3.0749,2.0186e+01,4.5404e-06,89.99,10
SolarSail_2,5.221,42157.00,1.0000,3.0749,2.0186e+01,4.5404e-06,89.99,10
SolarSail_2,5.230,42157.00,1.0000,3.0749,2.0186e+01,4.5404e-06,89.99,10
SolarSail_2,5.238,42157.00,1.0000,3.0749,2.0186e+01,4.5404e-06,89.99,100
SolarSail_2,5.246,42157.00,1.0000,3.0749,2.0186e+01,4.5404e-06,89.99,100
SolarSail_2,5.255,42157.00,1.0000,3.0749,2.0186e+01,4.5404e-06,89.99,100
SolarSail_2,5.263,42157.00,1.0000,3.0749,2.0186e+01,4.5404e-06,89.99,100
SolarSail_2,5.271,42157.00,1.0000,3.0749,2.0186e+01,4.5404e-06,89.99,100
SolarSail_2,5.280,42157.00,1.0000,3.0749,2.0186e+01,4.5404e-06,89.99,100
SolarSail_2,5.288,42157.00,1.0000,3.0749,2.0186e+01,4.5404e-06,89.99,100
SolarSail_2,5.296,42157.00,1.0000,3.0749,2.0186e+01,4.5404e-06,89.99,100
SolarSail_2,5.305,42157.00,1.0000,3.0749,2.0186e+01,4.5404e-06,89.99,100
SolarSail_2,5.313,42157.00,1.0000,3.0749,2.0186e+01,4.5404e-06,89.99,100
SolarSail_2,5.321,42157.00,1.0000,3.0749,2.0186e+01,4.5404e-06,89.99,100
SolarSail_2,5.330,42157.00,1.0000,3.0749,2.0186e+01,4.5404e-06,89.99,100
SolarSail_2,5.338,42157.00,1.0000,3.0749,2.0186e+01,4.5404e-06,89.99,100
SolarSail_2,5.346,42157.00,1.0000,3.0749,2.0186e+01,4.5404e-06,89.99,100
SolarSail_2,5.355,42157.00,1.0000,3.0749,2.0186e+01,4.5404e-06,89.99,100
SolarSail_2,5.363,42157.00,1.0000,3.0749,2.0186e+01,4.5404e-06,89.99,100
SolarSail_2,5.371,42157.00,1.0000,3.0749,2.0186e+01,4.5404e-06,89.99,100
SolarSail_2,5.380,42157.00,1.0000,3.0749,2.0186e+01,4.5404e-06,89.99,100
SolarSail_2,5.388,42157.00,1.0000,3.0749,2.0186e+01,4.5404e-06,89.99,100
SolarSail_2,5.396,42157.00,1.0000,3.0749,2.0186e+01,4.5404e-06,89.99,100
SolarSail_2,5.405,42157.00,1.0000,3.0749,2.0186e+01,4.5404e-06,89.99,100
SolarSail_2,5.413,42157.00,1.0000,3.0749,2.0186e+01,4.5404e-06,89.99,100
SolarSail_2,5.421,42157.00,1.0000,3.0749,2.0186e+01,4.5404e-06,89.99,100
SolarSail_2,5.430,42157.00,1.0000,3.0749,2.0186e+01,4.5404e-06,89.99,100
SolarSail_2,5.438,42157.00,1.0000,3.0749,2.0186e+01,4.5404e-06,89.99,100
SolarSail_2,5.446,42157.00,1.0000,3.0749,2.0186e+01,4.5404e-06,89.99,100
SolarSail_2,5.455,42157.00,1.0000,3.0749,2.0186e+01,4.5404e-06,89.99,100
SolarSail_2,5.463,42157.00,1.0000,3.0749,2.0186e+01,4.5404e-06,89.99,100
SolarSail_2,5.471,42157.00,1.0000,3.0749,2.0186e+01,4.5404e-06,89.99,100
SolarSail_2,5.480,42157.00,1.0000,3.0749,2.0186e+01,4.5404e-06,89.99,100
SolarSail_2,5.488,42157.00,1.0000,3.0749,2.0186e+01,4.5404e-06,89.99,100
SolarSail_2,5.496,42157.00,1.0000,3.0749,2.0186e+01,4.5404e-06,89.99,100
SolarSail_2,5.505,42157.00,1.0000,3.0749,2.0186e+01,4.5404e-06,89.99,100
SolarSail_2,5.513,42157.00,1.0000,3.0749,2.0186e+01,4.5404e-06,89.99,100
SolarSail_2,5.521,42157.00,1.0000,3.0749,2.0186e+01,4.5404e-06,89.99,100
SolarSail_2,5.530,42157.00,1.0000,3.0749,2.0186e+01,4.5404e-06,89.99,100
SolarSail_2,5.538,42157.00,1.0000,3.0749,2.0186e+01,4.5404e-06,89.99,100
SolarSail_2,5.546,42157.00,1.0000,3.0749,2.0186e+01,4.5404e-06,89.99,100
SolarSail_2,5.555,42157.00,1.0000,3.0749,2.0186e+01,4.5404e-06,89.99,100
SolarSail_2,5.563,42157.00,1.0000,3.0749,2.0186e+01,4.5404e-06,89.99,100
SolarSail_2,5.571,42157.00,1.0000,3.0749,2.0186e+01,4.5404e-06,89.99,100
SolarSail_2,5.580,42157.00,1.0000,3.0749,2.0186e+01,4.5404e-06,89.99,100
SolarSail_2,5.588,42157.00,1.0000,3.0749,2.0186e+01,4.5404e-06,89.99,100
SolarSail_2,5.596,42157.00,1.0000,3.0749,2.0186e+01,4.5404e-06,89.99,100
SolarSail_2,5.605,42157.00,1.0000,3.0749,2.0186e+01,4.5404e-06,89.99,100
SolarSail_2,5.613,42157.00,1.0000,3.0749,2.0186e+01,4.5404e-06,89.99,100
SolarSail_2,5.621,42157.00,1.0000,3.0749,2.0186e+01,4.5404e-06,89.99,100
SolarSail_2,5.630,42157.00,1.0000,3.0749,2.0186e+01,4.5404e-06,89.99,100
SolarSail_2,5.638,42157.00,1.0000,3.0749,2.0186e+01,4.5404e-06,89.99,100
SolarSail_2,5.646,42157.00,1.0000,3.0749,2.0186e+01,4.5404e-06,89.99,100
SolarSail_2,5.655,42157.00,1.0000,3.0749,2.0186e+01,4.5404e-06,89.99,100
SolarSail_2,5.663,42157.00,1.0000,3.0749,2.0186e+01,4.5404e-06,89.99,100
SolarSail_2,5.671,42157.00,1.0000,3.0749,2.0186e+01,4.5404e-06,89.99,100
SolarSail_2,5.680,42157.00,1.0000,3.0749,2.0186e+01,4.5404e-06,89.99,100
SolarSail_2,5.688,42157.00,1.0000,3.0749,2.0186e+01,4.5404e-06,89.99,100
SolarSail_2,5.696,42157.00,1.0000,3.0749,2.0186e+01,4.5404e-06,89.99,100
SolarSail_2,5.705,42157.00,1.0000,3.0749,2.0186e+01,4.5404e-06,89.99,100
SolarSail_2,5.713,42157.00,1.0000,3.0749,2.0186e+01,4.5404e-06,89.99,100
SolarSail_2,5.721,42157.00,1.0000,3.0749,2.0186e+01,4.5404e-06,89.99,100
SolarSail_2,5.730,42157.00,1.0000,3.0749,2.0186e+01,4.5404e-06,89.99,100
SolarSail_2,5.738,42157.00,1.0000,3.0749,2.0186e+01,4.5404e-06,89.99,100
SolarSail_2,5.746,42157.00,1.0000,3.0749,2.0186e+01,4.5404e-06,89.99,100
SolarSail_2,5.755,42157.00,1.0000,3.0749,2.0186e+01,4.5404e-06,89.99,100
SolarSail_2,5.763,42157.00,1.0000,3.0749,2.0186e+01,4.5404e-06,89.99,100
SolarSail_2,5.771,42157.00,1.0000,3.0749,2.0186e+01,4.5404e-06,89.99,100
SolarSail_2,5.780,42157.00,1.0000,3.0749,2.0186e+01,4.5404e-06,89.99,100
SolarSail_2,5.788,42157.00,1.0000,3.0749,2.0186e+01,4.5404e-06,89.99,100
SolarSail_2,5.796,42157.00,1.0000,3.0749,2.0186e+01,4.5404e-06,89.99,100
SolarSail_2,5.805,42157.00,1.0000,3.0749,2.0186e+01,4.5404e-06,89.99,100
SolarSail_2,5.813,42157.00,1.0000,3.0749,2.0186e+01,4.5404e-06,89.99,100
SolarSail_2,5.821,42157.00,1.0000,3.0749,2.0186e+01,4.5404e-06,89.99,100
SolarSail_2,5.830,42157.00,1.0000,3.0749,2.0186e+01,4.5404e-06,89.99,100
SolarSail_2,5.838,42157.00,1.0000,3.0749,2.0186e+01,4.5404e-06,89.99,0
SolarSail_2,5.846,42157.00,1.0000,3.0749,2.0186e+01,4.5404e-06,89.99,0
SolarSail_2,5.855,42157.00,1.0000,3.0749,2.0186e+01,4.5404e-06,89.99,0
SolarSail_2,5.863,42157.00,1.0000,3.0749,2.0186e+01,4.5404e-06,89.99,0
SolarSail_2,5.871,42157.00,1.0000,3.0749,2.0186e+01,4.5404e-06,89.99,0
SolarSail_2,5.880,42157.00,1.0000,3.0749,2.0186e+01,4.5404e-06,89.99,0
SolarSail_2,5.888,42157.00,1.0000,3.0749,2.0186e+01,4.5404e-06,89.99,0
SolarSail_2,5.896,42157.00,1.0000,3.0749,2.0186e+01,4.5404e-06,89.99,0
SolarSail_2,5.905,42157.00,1.0000,3.0749,2.0186e+01,4.5404e-06,89.99,0
SolarSail_2,5.913,42157.00,1.0000,3.0749,2.0186e+01,4.5404e-06,89.99,0
SolarSail_2,5.921,42157.00,1.0000,3.0749,2.0186e+01,4.5404e-06,89.99,0
SolarSail_2,5.930,42157.00,1.0000,3.0749,2.0186e+01,4.5404e-06,89.99,0
SolarSail_2,5.938,42157.00,1.0000,3.0749,2.0186e+01,4.5404e-06,89.99,0
SolarSail_2,5.946,42157.00,1.0000,3.0749,2.0186e+01,4.5404e-06,89.99,0
SolarSail_2,5.955,42157.00,1.0000,3.0749,2.0186e+01,4.5404e-06,89.99,0
SolarSail_2,5.963,42157.00,1.0000,3.0749,2.0186e+01,4.5404e-06,89.99,0
SolarSail_2,5.971,42157.00,1.0000,3.0749,2.0186e+01,4.5404e-06,89.99,0
SolarSail_2,5.980,42157.00,1.0000,3.0749,2.0186e+01,4.5404e-06,89.99,0
SolarSail_2,5.988,42157.00,1.0000,3.0749,2.0186e+01,4.5404e-06,89.99,0
SolarSail_2,5.996,42157.00,1.0000,3.0749,2.0186e+01,4.5404e-06,89.99,0
SolarSail_2,6.005,42157.00,1.0000,3.0749,2.0186e+01,4.5404e-06,89.99,0
SolarSail_2,6.013,42157.00,1.0000,3.0749,2.0186e+01,4.5404e-06,89.99,0
SolarSail_2,6.021,42157.00,1.0000,3.0749,2.0186e+01,4.5404e-06,89.99,0
SolarSail_2,6.030,42157.00,1.0000,3.0749,2.0186e+01,4.5404e-06,89.99,0
SolarSail_2,6.038,42157.00,1.0000,3.0749,2.0186e+01,4.5404e-06,89.99,0
SolarSail_2,6.046,42157.00,1.0000,3.0749,2.0186e+01,4.5404e-06,89.99,0
SolarSail_2,6.055,42157.00,1.0000,3.0749,2.0186e+01,4.5404e-06,89.99,0
SolarSail_2,6.063,42157.00,1.0000,3.0749,2.0186e+01,4.5404e-06,89.99,0
SolarSail_2,6.071,42157.00,1.0000,3.0749,2.0186e+01,4.5404e-06,89.99,0
SolarSail_2,6.080,42157.00,1.0000,3.0749,2.0186e+01,4.5404e-06,89.99,0
SolarSail_2,6.088,42157.00,1.0000,3.0749,2.0186e+01,4.5404e-06,89.99,0
SolarSail_2,6.096,42157.00,1.0000,3.0749,2.0186e+01,4.5404e-06,89.99,0
SolarSail_2,6.105,42157.00,1.0000,3.0749,2.0186e+01,4.5404e-06,89.99,0
SolarSail_2,6.113,42157.00,1.0000,3.0749,2.0186e+01,4.5404e-06,89.99,0
SolarSail_2,6.121,42157.00,1.0000,3.0749,2.0186e+01,4.5404e-06,89.99,0
SolarSail_2,6.130,42157.00,1.0000,3.0749,2.0186e+01,4.5404e-06,89.99,0
SolarSail_2,6.138,42157.00,1.0000,3.0749,2.0186e+01,4.5404e-06,89.99,0
SolarSail_2,6.146,42157.00,1.0000,3.0749,2.0186e+01,4.5404e-06,89.99,0
SolarSail_2,6.155,42157.00,1.0000,3.0749,2.0186e+01,4.5404e-06,89.99,0
SolarSail_2,6.163,42157.00,1.0000,3.0749,2.0186e+01,4.5404e-06,89.99,0
SolarSail_2,6.171,42157.00,1.0000,3.0749,2.0186e+01,4.5404e-06,89.99,0
SolarSail_2,6.180,42157.00,1.0000,3.0749,2.0186e+01,4.5404e-06,89.99,0
SolarSail_2,6.188,42157.00,1.0000,3.0749,2.0186e+01,4.5404e-06,89.99,0
SolarSail_2,6.196,42157.00,1.0000,3.0749,2.0186e+01,4.5404e-06,89.99,0
SolarSail_2,6.205,42157.00,1.0000,3.0749,2.0186e+01,4.5404e-06,89.99,0
SolarSail_2,6.213,42157.00,1.0000,3.0749,2.0186e+01,4.5404e-06,89.99,0
SolarSail_2,6.221,42157.00,1.0000,3.0749,2.0186e+01,4.5404e-06,89.99,0
SolarSail_2,6.230,42157.00,1.0000,3.0749,2.0186e+01,4.5404e-06,89.99,0
SolarSail_2,6.238,42157.00,1.0000,3.0749,2.0186e+01,4.5404e-06,89.99,0
SolarSail_2,6.246,42157.00,1.0000,3.0749,2.0186e+01,4.5404e-06,89.99,0
SolarSail_2,6.255,42157.00,1.0000,3.0749,2.0186e+01,4.5404e-06,89.99,0
SolarSail_2,6.263,42157.00,1.0000,3.0749,2.0186e+01,4.5404e-06,89.99,0
SolarSail_2,6.271,42157.00,1.0000,3.0749,2.0186e+01,4.5404e-06,89.99,0
SolarSail_2,6.280,42157.00,1.0000,3.0749,2.0186e+01,4.5404e-06,89.99,0
SolarSail_2,6.288,42157.00,1.0000,3.0749,2.0186e+01,4.5404e-06,89.99,0
SolarSail_2,6.296,42157.00,1.0000,3.0749,2.0186e+01,4.5404e-06,89.99,0
SolarSail_2,6.305,42157.00,1.0000,3.0749,2.0186e+01,4.5404e-06,89.99,0
SolarSail_2,6.313,42157.00,1.0000,3.0749,2.0186e+01,4.5404e-06,89.99,0
SolarSail_2,6.321,42157.00,1.0000,3.0749,2.0186e+01,4.5404e-06,89.99,0
SolarSail_2,6.330,42157.00,1.0000,3.0749,2.0186e+01,4.5404e-06,89.99,0
SolarSail_2,6.338,42157.00,1.0000,3.0749,2.0186e+01,4.5404e-06,89.99,0
SolarSail_2,6.346,42157.00,1.0000,3.0749,2.0186e+01,4.5404e-06,89.99,0
SolarSail_2,6.355,42157.00,1.0000,3.0749,2.0186e+01,4.5404e-06,89.99,0
SolarSail_2,6.363,42157.00,1.0000,3.0749,2.0186e+01,4.5404e-06,89.99,0
SolarSail_2,6.371,42157.00,1.0000,3.0749,2.0186e+01,4.5404e-06,89.99,0
SolarSail_2,6.380,42157.00,1.0000,3.0749,2.0186e+01,4.5404e-06,89.99,0
SolarSail_2,6.388,42157.00,1.0000,3.0749,2.0186e+01,4.5404e-06,89.99,0
SolarSail_2,6.396,42157.00,1.0000,3.0749,2.0186e+01,4.5404e-06,89.99,0
SolarSail_2,6.405,42157.00,1.0000,3.0749,2.0186e+01,4.5404e-06,89.99,0
SolarSail_2,6.413,42157.00,1.0000,3.0749,2.0186e+01,4.5404e-06,89.99,0
SolarSail_2,6.421,42157.00,1.0000,3.0749,2.0186e+01,4.5404e-06,89.99,0
SolarSail_2,6.430,42157.00,1.0000,3.0749,2.0186e+01,4.5404e-06,89.99,0
SolarSail_2,6.438,42157.00,1.0000,3.0749,2.0186e+01,4.5404e-06,89.99,0
SolarSail_2,6.446,42157.00,1.0000,3.0749,2.0186e+01,4.5404e-06,89.99,0
SolarSail_2,6.455,42157.00,1.0000,3.0749,2.0186e+01,4.5404e-06,89.99,0
SolarSail_2,6.463,42157.00,1.0000,3.0749,2.0186e+01,4.5404e-06,89.99,0
SolarSail_2,6.471,42157.00,1.0000,3.0749,2.0186e+01,4.5404e-06,89.99,0
SolarSail_2,6.480,42157.00,1.0000,3.0749,2.0186e+01,4.5404e-06,89.99,0
SolarSail_2,6.488,42157.00,1.0000,3.0749,2.0186e+01,4.5404e-06,89.99,0
SolarSail_2,6.496,42157.00,1.0000,3.0749,2.0186e+01,4.5404e-06,89.99,0
SolarSail_2,6.505,42157.00,1.0000,3.0749,2.0186e+01,4.5404e-06,89.99,0
SolarSail_2,6.513,42157.00,1.0000,3.0749,2.0186e+01,4.5404e-06,89.99,0
SolarSail_2,6.521,42157.00,1.0000,3.0749,2.0186e+01,4.5404e-06,89.99,0
SolarSail_2,6.530,42157.00,1.0000,3.0749,2.0186e+01,4.5404e-06,89.99,0
SolarSail_2,6.538,42157.00,1.0000,3.0749,2.0186e+01,4.5404e-06,89.99,0
SolarSail_2,6.546,42157.00,1.0000,3.0749,2.0186e+01,4.5404e-06,89.99,0
SolarSail_2,6.555,42157.00,1.0000,3.0749,2.0186e+01,4.5404e-06,89.99,0
SolarSail_2,6.563,42157.00,1.0000,3.0749,2.0186e+01,4.5404e-06,89.99,0
SolarSail_2,6.571,42157.00,1.0000,3.0749,2.0186e+01,4.5404e-06,89.99,0
SolarSail_2,6.580,42157.00,1.0000,3.0749,2.0186e+01,4.5404e-06,89.99,0
SolarSail_2,6.588,42157.00,1.0000,3.0749,2.0186e+01,4.5404e-06,89.99,0
SolarSail_2,6.596,42157.00,1.0000,3.0749,2.0186e+01,4.5404e-06,89.99,0
SolarSail_2,6.605,42157.00,1.0000,3.0749,2.0186e+01,4.5404e-06,89.99,0
SolarSail_2,6.613,42157.00,1.0000,3.0749,2.0186e+01,4.5404e-06,89.99,0
SolarSail_2,6.621,42157.00,1.0000,3.0749,2.0186e+01,4.5404e-06,89.99,0
SolarSail_2,6.630,42157.00,1.0000,3.0749,2.0186e+01,4.5404e-06,89.99,0
SolarSail_2,6.638,42157.00,1.0000,3.0749,2.0186e+01,4.5404e-06,89.99,0
SolarSail_2,6.646,42157.00,1.0000,3.0749,2.0186e+01,4.5404e-06,89.99,0
SolarSail_2,6.655,42157.00,1.0000,3.0749,2.0186e+01,4.5404e-06,89.99,0
SolarSail_2,6.663,42157.00,1.0000,3.0749,2.0186e+01,4.5404e-06,89.99,0
SolarSail_2,6.671,42157.00,1.0000,3.0749,2.0186e+01,4.5404e-06,89.99,0
SolarSail_2,6.680,42157.00,1.0000,3.0749,2.0186e+01,4.5404e-06,89.99,0
SolarSail_2,6.688,42157.00,1.0000,3.0749,2.0186e+01,4.5404e-06,89.99,0
SolarSail_2,6.696,42157.00,1.0000,3.0749,2.0186e+01,4.5404e-06,89.99,0
SolarSail_2,6.705,42157.00,1.0000,3.0749,2.0186e+01,4.5404e-06,89.99,0
SolarSail_2,6.713,42157.00,1.0000,3.0749,2.0186e+01,4.5404e-06,89.99,0
SolarSail_2,6.721,42157.00,1.0000,3.0749,2.0186e+01,4.5404e-06,89.99,0
SolarSail_2,6.730,42157.00,1.0000,3.0749,2.0186e+01,4.5404e-06,89.99,0
SolarSail_2,6.738,42157.00,1.0000,3.0749,2.0186e+01,4.5404e-06,89.99,0
SolarSail_2,6.746,42157.00,1.0000,3.0749,2.0186e+01,4.5404e-06,89.99,0
SolarSail_2,6.755,42157.00,1.0000,3.0749,2.0186e+01,4.5404e-06,89.99,0
SolarSail_2,6.763,42157.00,1.0000,3.0749,2.0186e+01,4.5404e-06,89.99,0
SolarSail_2,6.771,42157.00,1.0000,3.0749,2.0186e+01,4.5404e-06,89.99,0
SolarSail_2,6.780,42157.00,1.0000,3.0749,2.0186e+01,4.5404e-06,89.99,0
SolarSail_2,6.788,42157.00,1.0000,3.0749,2.0186e+01,4.5404e-06,89.99,0
SolarSail_2,6.797,42157.00,1.0000,3.0749,2.0186e+01,4.5404e-06,89.99,0
SolarSail_2,6.805,42157.00,1.0000,3.0749,2.0186e+01,4.5404e-06,89.99,0
SolarSail_2,6.813,42157.00,1.0000,3.0749,2.0186e+01,4.5404e-06,89.99,0
SolarSail_2,6.822,42157.00,1.0000,3.0749,2.0186e+01,4.5404e-06,89.99,0
SolarSail_2,6.830,42157.00,1.0000,3.0749,2.0186e+01,4.5404e-06,89.99,0
SolarSail_2,6.838,42157.00,1.0000,3.0749,2.0186e+01,4.5404e-06,89.99,0
SolarSail_2,6.847,42157.00,1.0000,3.0749,2.0186e+01,4.5404e-06,89.99,0
SolarSail_2,6.855,42157.00,1.0000,3.0749,2.0186e+01,4.5404e-06,89.99,0
SolarSail_2,6.863,42157.00,1.0000,3.0749,2.0186e+01,4.5404e-06,89.99,0
SolarSail_2,6.872,42157.00,1.0000,3.0749,2.0186e+01,4.5404e-06,89.99,0
SolarSail_2,6.880,42157.00,1.0000,3.0749,2.0186e+01,4.5404e-06,89.99,0
SolarSail_2,6.888,42157.00,1.0000,3.0749,2.0186e+01,4.5404e-06,89.99,0
SolarSail_2,6.897,42157.00,1.0000,3.0749,2.0186e+01,4.5404e-06,89.99,0
SolarSail_2,6.905,42157.00,1.0000,3.0749,2.0186e+01,4.5404e-06,89.99,0
SolarSail_2,6.913,42157.00,1.0000,3.0749,2.0186e+01,4.5404e-06,89.99,0
SolarSail_2,6.922,42157.00,1.0000,3.0749,2.0186e+01,4.5404e-06,89.99,0
SolarSail_2,6.930,42157.00,1.0000,3.0749,2.0186e+01,4.5404e-06,89.99,0
SolarSail_2,6.938,42157.00,1.0000,3.0749,2.0186e+01,4.5404e-06,89.99,0
SolarSail_2,6.947,42157.00,1.0000,3.0749,2.0186e+01,4.5404e-06,89.99,0
SolarSail_2,6.955,42157.00,1.0000,3.0749,2.0186e+01,4.5404e-06,89.99,0
SolarSail_2,6.963,42157.00,1.0000,3.0749,2.0186e+01,4.5404e-06,89.99,0
SolarSail_2,6.972,42157.00,1.0000,3.0749,2.0186e+01,4.5404e-06,89.99,0
SolarSail_2,6.980,42157.00,1.0000,3.0749,2.0186e+01,4.5404e-06,89.99,0
SolarSail_2,6.988,42157.00,1.0000,3.0749,2.0186e+01,4.5404e-06,89.99,0
SolarSail_2,6.997,42157.00,1.0000,3.0749,2.0186e+01,4.5404e-06,89.99,0
SolarSail_2,7.005,42157.00,1.0000,3.0749,2.0186e+01,4.5404e-06,89.99,0
SolarSail_2,7.013,42157.00,1.0000,3.0749,2.0186e+01,4.5404e-06,89.99,0
SolarSail_2,7.022,42157.00,1.0000,3.0749,2.0186e+01,4.5404e-06,89.99,0
SolarSail_2,7.030,42157.00,1.0000,3.0749,2.0186e+01,4.5404e-06,89.99,0
SolarSail_2,7.038,42157.00,1.0000,3.0749,2.0186e+01,4.5404e-06,89.99,0
SolarSail_2,7.047,42157.00,1.0000,3.0749,2.0186e+01,4.5404e-06,89.99,0
SolarSail_2,7.055,42157.00,1.0000,3.0749,2.0186e+01,4.5404e-06,89.99,0
SolarSail_2,7.063,42157.00,1.0000,3.0749,2.0186e+01,4.5404e-06,89.99,0
SolarSail_2,7.072,42157.00,1.0000,3.0749,2.0186e+01,4.5404e-06,89.99,0
SolarSail_2,7.080,42157.00,1.0000,3.0749,2.0186e+01,4.5404e-06,89.99,0
SolarSail_2,7.088,42157.00,1.0000,3.0749,2.0186e+01,4.5404e-06,89.99,0
SolarSail_2,7.097,42157.00,1.0000,3.0749,2.0186e+01,4.5404e-06,89.99,0
SolarSail_2,7.105,42157.00,1.0000,3.0749,2.0186e+01,4.5404e-06,89.99,0
SolarSail_2,7.113,42157.00,1.0000,3.0749,2.0186e+01,4.5404e-06,89.99,0
SolarSail_2,7.122,42157.00,1.0000,3.0749,2.0186e+01,4.5404e-06,89.99,0
SolarSail_2,7.130,42157.00,1.0000,3.0749,2.0186e+01,4.5404e-06,89.99,0
SolarSail_2,7.138,42157.00,1.0000,3.0749,2.0186e+01,4.5404e-06,89.99,0
SolarSail_2,7.147,42157.00,1.0000,3.0749,2.0186e+01,4.5404e-06,89.99,0
SolarSail_2,7.155,42157.00,1.0000,3.0749,2.0186e+01,4.5404e-06,89.99,0
SolarSail_2,7.163,42157.00,1.0000,3.0749,2.0186e+01,4.5404e-06,89.99,0
SolarSail_2,7.172,42157.00,1.0000,3.0749,2.0186e+01,4.5404e-06,89.99,0
SolarSail_2,7.180,42157.00,1.0000,3.0749,2.0186e+01,4.5404e-06,89.99,0
SolarSail_2,7.188,42157.00,1.0000,3.0749,2.0186e+01,4.5404e-06,89.99,0
SolarSail_2,7.197,42157.00,1.0000,3.0749,2.0186e+01,4.5404e-06,89.99,0
SolarSail_2,7.205,42157.00,1.0000,3.0749,2.0186e+01,4.5404e-06,89.99,0
SolarSail_2,7.213,42157.00,1.0000,3.0749,2.0186e+01,4.5404e-06,89.99,0
SolarSail_2,7.222,42157.00,1.0000,3.0749,2.0186e+01,4.5404e-06,89.99,0
SolarSail_2,7.230,42157.00,1.0000,3.0749,2.0186e+01,4.5404e-06,89.99,0
SolarSail_2,7.238,42157.00,1.0000,3.0749,2.0186e+01,4.5404e-06,89.99,0
SolarSail_2,7.247,42157.00,1.0000,3.0749,2.0186e+01,4.5404e-06,89.99,0
SolarSail_2,7.255,42157.00,1.0000,3.0749,2.0186e+01,4.5404e-06,89.99,0
SolarSail_2,7.263,42157.00,1.0000,3.0749,2.0186e+01,4.5404e-06,89.99,0
SolarSail_2,7.272,42157.00,1.0000,3.0749,2.0186e+01,4.5404e-06,89.99,0
SolarSail_2,7.280,42157.00,1.0000,3.0749,2.0186e+01,4.5404e-06,89.99,0
SolarSail_2,7.288,42157.00,1.0000,3.0749,2.0186e+01,4.5404e-06,89.99,0
SolarSail_2,7.297,42157.00,1.0000,3.0749,2.0186e+01,4.5404e-06,89.99,0
SolarSail_2,7.305,42157.00,1.0000,3.0749,2.0186e+01,4.5404e-06,89.99,0
SolarSail_2,7.313,42157.00,1.0000,3.0749,2.0186e+01,4.5404e-06,89.99,0
SolarSail_2,7.322,42157.00,1.0000,3.0749,2.0186e+01,4.5404e-06,89.99,0
SolarSail_2,7.330,42157.00,1.0000,3.0749,2.0186e+01,4.5404e-06,89.99,0
SolarSail_2,7.338,42157.00,1.0000,3.0749,2.0186e+01,4.5404e-06,89.99,0
SolarSail_2,7.347,42157.00,1.0000,3.0749,2.0186e+01,4.5404e-06,89.99,0
SolarSail_2,7.355,42157.00,1.0000,3.0749,2.0186e+01,4.5404e-06,89.99,0
SolarSail_2,7.363,42157.00,1.0000,3.0749,2.0186e+01,4.5404e-06,89.99,0
SolarSail_2,7.372,42157.00,1.0000,3.0749,2.0186e+01,4.5404e-06,89.99,0
SolarSail_2,7.380,42157.00,1.0000,3.0749,2.0186e+01,4.5404e-06,89.99,0
SolarSail_2,7.388,42157.00,1.0000,3.0749,2.0186e+01,4.5404e-06,89.99,0
SolarSail_2,7.402,42157.00,1.0000,3.0749,2.0186e+01,4.5404e-06,89.99,0
SolarSail_2,7.410,42157.00,1.0000,3.0749,2.0186e+01,4.5404e-06,89.99,0
SolarSail_2,7.418,42157.00,1.0000,3.0749,2.0186e+01,4.5404e-06,89.99,0
SolarSail_2,7.427,42157.00,1.0000,3.0749,2.0186e+01,4.5404e-06,89.99,0
SolarSail_2,7.435,42157.00,1.0000,3.0749,2.0186e+01,4.5404e-06,89.99,0
SolarSail_2,7.443,42157.00,1.0000,3.0749,2.0186e+01,4.5404e-06,89.99,0
SolarSail_2,7.452,42157.00,1.0000,3.0749,2.0186e+01,4.5404e-06,89.99,0
SolarSail_2,7.460,42157.00,1.0000,3.0749,2.0186e+01,4.5404e-06,89.99,0
SolarSail_2,7.468,42157.00,1.0000,3.0749,2.0186e+01,4.5404e-06,89.99,0
SolarSail_2,7.477,42157.00,1.0000,3.0749,2.0186e+01,4.5404e-06,89.99,0
SolarSail_2,7.485,42157.00,1.0000,3.0749,2.0186e+01,4.5404e-06,89.99,0
SolarSail_2,7.493,42157.00,1.0000,3.0749,2.0186e+01,4.5404e-06,89.99,0
SolarSail_2,7.502,42157.00,1.0000,3.0749,2.0186e+01,4.5404e-06,89.99,0
SolarSail_2,7.510,42157.00,1.0000,3.0749,2.0186e+01,4.5404e-06,89.99,0
SolarSail_2,7.518,42157.00,1.0000,3.0749,2.0186e+01,4.5404e-06,89.99,0
SolarSail_2,7.527,42157.00,1.0000,3.0749,2.0186e+01,4.5404e-06,89.99,0
SolarSail_2,7.535,42157.00,1.0000,3.0749,2.0186e+01,4.5404e-06,89.99,0
SolarSail_2,7.543,42157.00,1.0000,3.0749,2.0186e+01,4.5404e-06,89.99,0
SolarSail_2,7.552,42157.00,1.0000,3.0749,2.0186e+01,4.5404e-06,89.99,0
SolarSail_2,7.560,42157.00,1.0000,3.0749,2.0186e+01,4.5404e-06,89.99,0
SolarSail_2,7.568,42157.00,1.0000,3.0749,2.0186e+01,4.5404e-06,89.99,0
SolarSail_2,7.577,42157.00,1.0000,3.0749,2.0186e+01,4.5404e-06,89.99,0
SolarSail_2,7.585,42157.00,1.0000,3.0749,2.0186e+01,4.5404e-06,89.99,0
SolarSail_2,7.593,42157.00,1.0000,3.0749,2.0186e+01,4.5404e-06,89.99,0
SolarSail_2,7.602,42157.00,1.0000,3.0749,2.0186e+01,4.5404e-06,89.99,0
SolarSail_2,7.610,42157.00,1.0000,3.0749,2.0186e+01,4.5404e-06,89.98,0
SolarSail_2,7.618,42157.00,1.0000,3.0749,2.0186e+01,4.5404e-06,89.98,0
SolarSail_2,7.627,42157.00,1.0000,3.0749,2.0186e+01,4.5404e-06,89.98,0
SolarSail_2,7.635,42157.00,1.0000,3.0749,2.0186e+01,4.5404e-06,89.98,0
SolarSail_2,7.643,42157.00,1.0000,3.0749,2.0186e+01,4.5404e-06,89.98,0
SolarSail_2,7.652,42157.00,1.0000,3.0749,2.0186e+01,4.5404e-06,89.98,0
SolarSail_2,7.660,42157.00,1.0000,3.0749,2.0186e+01,4.5404e-06,89.98,0
SolarSail_2,7.668,42157.00,1.0000,3.0749,2.0186e+01,4.5404e-06,89.98,0
SolarSail_2,7.677,42157.00,1.0000,3.0749,2.0186e+01,4.5404e-06,89.98,0
SolarSail_2,7.685,42157.00,1.0000,3.0749,2.0186e+01,4.5404e-06,89.98,0
SolarSail_2,7.693,42157.00,1.0000,3.0749,2.0186e+01,4.5404e-06,89.98,0
SolarSail_2,7.702,42157.00,1.0000,3.0749,2.0186e+01,4.5404e-06,89.98,0
SolarSail_2,7.710,42157.00,1.0000,3.0749,2.0186e+01,4.5404e-06,89.98,0
SolarSail_2,7.718,42157.00,1.0000,3.0749,2.0186e+01,4.5404e-06,89.98,0
SolarSail_2,7.727,42157.00,1.0000,3.0749,2.0186e+01,4.5404e-06,89.98,0
SolarSail_2,7.735,42157.00,1.0000,3.0749,2.0186e+01,4.5404e-06,89.98,0
SolarSail_2,7.743,42157.00,1.0000,3.0749,2.0186e+01,4.5404e-06,89.98,0
SolarSail_2,7.752,42157.00,1.0000,3.0749,2.0186e+01,4.5404e-06,89.98,0
SolarSail_2,7.760,42157.00,1.0000,3.0749,2.0186e+01,4.5404e-06,89.98,0
SolarSail_2,7.768,42157.00,1.0000,3.0749,2.0186e+01,4.5404e-06,89.98,0
SolarSail_2,7.777,42157.00,1.0000,3.0749,2.0186e+01,4.5404e-06,89.98,0
SolarSail_2,7.785,42157.00,1.0000,3.0749,2.0186e+01,4.5404e-06,89.98,0
SolarSail_2,7.793,42157.00,1.0000,3.0749,2.0186e+01,4.5404e-06,89.98,0
SolarSail_2,7.802,42157.00,1.0000,3.0749,2.0186e+01,4.5404e-06,89.98,0
SolarSail_2,7.810,42157.00,1.0000,3.0749,2.0186e+01,4.5404e-06,89.98,0
SolarSail_2,7.818,42157.00,1.0000,3.0749,2.0186e+01,4.5404e-06,89.98,0
SolarSail_2,7.827,42157.00,1.0000,3.0749,2.0186e+01,4.5404e-06,89.98,0
SolarSail_2,7.835,42157.00,1.0000,3.0749,2.0186e+01,4.5404e-06,89.98,0
SolarSail_2,7.843,42157.00,1.0000,3.0749,2.0186e+01,4.5404e-06,89.98,0
SolarSail_2,7.852,42157.00,1.0000,3.0749,2.0186e+01,4.5404e-06,89.98,0
SolarSail_2,7.860,42157.00,1.0000,3.0749,2.0186e+01,4.5404e-06,89.98,0
SolarSail_2,7.870,42157.00,1.0000,3.0749,2.0186e+01,4.5404e-06,89.98,0
SolarSail_2,7.878,42157.00,1.0000,3.0749,2.0186e+01,4.5404e-06,89.98,0
SolarSail_2,7.886,42157.00,1.0000,3.0749,2.0186e+01,4.5404e-06,89.98,0
SolarSail_2,7.895,42157.00,1.0000,3.0749,2.0186e+01,4.5404e-06,89.98,0
SolarSail_2,7.903,42157.00,1.0000,3.0749,2.0186e+01,4.5404e-06,89.98,0
SolarSail_2,7.911,42157.00,1.0000,3.0749,2.0186e+01,4.5404e-06,89.98,0
SolarSail_2,7.920,42157.00,1.0000,3.0749,2.0186e+01,4.5404e-06,89.98,0
SolarSail_2,7.928,42157.00,1.0000,3.0749,2.0186e+01,4.5404e-06,89.98,0
SolarSail_2,7.936,42157.00,1.0000,3.0749,2.0186e+01,4.5404e-06,89.98,0
SolarSail_2,7.945,42157.00,1.0000,3.0749,2.0186e+01,4.5404e-06,89.98,0
SolarSail_2,7.953,42157.00,1.0000,3.0749,2.0186e+01,4.5404e-06,89.98,0
SolarSail_2,7.961,42157.00,1.0000,3.0749,2.0186e+01,4.5404e-06,89.98,0
SolarSail_2,7.970,42157.00,1.0000,3.0749,2.0186e+01,4.5404e-06,89.98,0
SolarSail_2,7.978,42157.00,1.0000,3.0749,2.0186e+01,4.5404e-06,89.98,0
SolarSail_2,7.986,42157.00,1.0000,3.0749,2.0186e+01,4.5404e-06,89.98,0
SolarSail_2,7.995,42157.00,1.0000,3.0749,2.0186e+01,4.5404e-06,89.98,0
SolarSail_2,8.003,42157.00,1.0000,3.0749,2.0186e+01,4.5404e-06,89.98,0
SolarSail_2,8.011,42157.00,1.0000,3.0749,2.0186e+01,4.5404e-06,89.98,0
SolarSail_2,8.020,42157.00,1.0000,3.0749,2.0186e+01,4.5404e-06,89.98,0
SolarSail_2,8.028,42157.00,1.0000,3.0749,2.0186e+01,4.5404e-06,89.98,0
SolarSail_2,8.036,42157.00,1.0000,3.0749,2.0186e+01,4.5404e-06,89.98,0
SolarSail_2,8.045,42157.00,1.0000,3.0749,2.0186e+01,4.5404e-06,89.98,0
SolarSail_2,8.053,42157.00,1.0000,3.0749,2.0186e+01,4.5404e-06,89.98,0
SolarSail_2,8.061,42157.00,1.0000,3.0749,2.0186e+01,4.5404e-06,89.98,0
SolarSail_2,8.070,42157.00,1.0000,3.0749,2.0186e+01,4.5404e-06,89.98,0
SolarSail_2,8.078,42157.00,1.0000,3.0749,2.0186e+01,4.5404e-06,89.98,0
SolarSail_2,8.086,42157.00,1.0000,3.0749,2.0186e+01,4.5404e-06,89.98,0
SolarSail_2,8.095,42157.00,1.0000,3.0749,2.0186e+01,4.5404e-06,89.98,0
SolarSail_2,8.103,42157.00,1.0000,3.0749,2.0186e+01,4.5404e-06,89.98,0
SolarSail_2,8.111,42157.00,1.0000,3.0749,2.0186e+01,4.5404e-06,89.98,0
SolarSail_2,8.120,42157.00,1.0000,3.0749,2.0186e+01,4.5404e-06,89.98,0
SolarSail_2,8.128,42157.00,1.0000,3.0749,2.0186e+01,4.5404e-06,89.98,0
SolarSail_2,8.136,42157.00,1.0000,3.0749,2.0186e+01,4.5404e-06,89.98,0
SolarSail_2,8.145,42157.00,1.0000,3.0749,2.0186e+01,4.5404e-06,89.98,0
SolarSail_2,8.153,42157.00,1.0000,3.0749,2.0186e+01,4.5404e-06,89.98,0
SolarSail_2,8.161,42157.00,1.0000,3.0749,2.0186e+01,4.5404e-06,89.98,0
SolarSail_2,8.170,42157.00,1.0000,3.0749,2.0186e+01,4.5404e-06,89.98,0
SolarSail_2,8.178,42157.00,1.0000,3.0749,2.0186e+01,4.5404e-06,89.98,0
SolarSail_2,8.186,42157.00,1.0000,3.0749,2.0186e+01,4.5404e-06,89.98,0
SolarSail_2,8.195,42157.00,1.0000,3.0749,2.0186e+01,4.5404e-06,89.98,0
SolarSail_2,8.203,42157.00,1.0000,3.0749,2.0186e+01,4.5404e-06,89.98,0
SolarSail_2,8.211,42157.00,1.0000,3.0749,2.0186e+01,4.5404e-06,89.98,0
SolarSail_2,8.220,42157.00,1.0000,3.0749,2.0186e+01,4.5404e-06,89.98,0
SolarSail_2,8.228,42157.00,1.0000,3.0749,2.0186e+01,4.5404e-06,89.98,0
SolarSail_2,8.236,42157.00,1.0000,3.0749,2.0186e+01,4.5404e-06,89.98,0
SolarSail_2,8.245,42157.00,1.0000,3.0749,2.0186e+01,4.5404e-06,89.98,0
SolarSail_2,8.253,42157.00,1.0000,3.0749,2.0186e+01,4.5404e-06,89.98,0
SolarSail_2,8.261,42157.00,1.0000,3.0749,2.0186e+01,4.5404e-06,89.98,0
SolarSail_2,8.270,42157.00,1.0000,3.0749,2.0186e+01,4.5404e-06,89.98,0
SolarSail_2,8.278,42157.00,1.0000,3.0749,2.0186e+01,4.5404e-06,89.98,0
SolarSail_2,8.286,42157.00,1.0000,3.0749,2.0186e+01,4.5404e-06,89.98,0
SolarSail_2,8.295,42157.00,1.0000,3.0749,2.0186e+01,4.5404e-06,89.98,0
SolarSail_2,8.303,42157.00,1.0000,3.0749,2.0186e+01,4.5404e-06,89.98,0
SolarSail_2,8.311,42157.00,1.0000,3.0749,2.0186e+01,4.5404e-06,89.98,0
SolarSail_2,8.320,42157.00,1.0000,3.0749,2.0186e+01,4.5404e-06,89.98,0
SolarSail_2,8.328,42157.00,1.0000,3.0749,2.0186e+01,4.5404e-06,89.98,0
SolarSail_2,8.336,42157.00,1.0000,3.0749,2.0186e+01,4.5404e-06,89.98,0
SolarSail_2,8.345,42157.00,1.0000,3.0749,2.0186e+01,4.5404e-06,89.98,0
SolarSail_2,8.353,42157.00,1.0000,3.0749,2.0186e+01,4.5404e-06,89.98,0
SolarSail_2,8.361,42157.00,1.0000,3.0749,2.0186e+01,4.5404e-06,89.98,0
SolarSail_2,8.370,42157.00,1.0000,3.0749,2.0186e+01,4.5404e-06,89.98,0
SolarSail_2,8.378,42157.00,1.0000,3.0749,2.0186e+01,4.5404e-06,89.98,0
SolarSail_2,8.386,42157.00,1.0000,3.0749,2.0186e+01,4.5404e-06,89.98,0
SolarSail_2,8.395,42157.00,1.0000,3.0749,2.0186e+01,4.5404e-06,89.98,0
SolarSail_2,8.403,42157.00,1.0000,3.0749,2.0186e+01,4.5404e-06,89.98,0
SolarSail_2,8.411,42157.00,1.0000,3.0749,2.0186e+01,4.5404e-06,89.98,0
SolarSail_2,8.420,42157.00,1.0000,3.0749,2.0186e+01,4.5404e-06,89.98,0
SolarSail_2,8.428,42157.00,1.0000,3.0749,2.0186e+01,4.5404e-06,89.98,0
SolarSail_2,8.436,42157.00,1.0000,3.0749,2.0186e+01,4.5404e-06,89.98,0
SolarSail_2,8.445,42157.00,1.0000,3.0749,2.0186e+01,4.5404e-06,89.98,0
SolarSail_2,8.453,42157.00,1.0000,3.0749,2.0186e+01,4.5404e-06,89.98,0
SolarSail_2,8.461,42157.00,1.0000,3.0749,2.0186e+01,4.5404e-06,89.98,0
SolarSail_2,8.470,42157.00,1.0000,3.0749,2.0186e+01,4.5404e-06,89.98,0
SolarSail_2,8.478,42157.00,1.0000,3.0749,2.0186e+01,4.5404e-06,89.98,0
SolarSail_2,8.486,42157.00,1.0000,3.0749,2.0186e+01,4.5404e-06,89.98,0
SolarSail_2,8.495,42157.00,1.0000,3.0749,2.0186e+01,4.5404e-06,89.98,0
SolarSail_2,8.503,42157.00,1.0000,3.0749,2.0186e+01,4.5404e-06,89.98,0
SolarSail_2,8.511,42157.00,1.0000,3.0749,2.0186e+01,4.5404e-06,89.98,0
SolarSail_2,8.520,42157.00,1.0000,3.0749,2.0186e+01,4.5404e-06,89.98,0
SolarSail_2,8.528,42157.00,1.0000,3.0749,2.0186e+01,4.5404e-06,89.98,0
SolarSail_2,8.536,42157.00,1.0000,3.0749,2.0186e+01,4.5404e-06,89.98,0
SolarSail_2,8.545,42157.00,1.0000,3.0749,2.0186e+01,4.5404e-06,89.98,0
SolarSail_2,8.553,42157.00,1.0000,3.0749,2.0186e+01,4.5404e-06,89.98,0
SolarSail_2,8.561,42157.00,1.0000,3.0749,2.0186e+01,4.5404e-06,89.98,0
SolarSail_2,8.570,42157.00,1.0000,3.0749,2.0186e+01,4.5404e-06,89.98,0
SolarSail_2,8.578,42157.00,1.0000,3.0749,2.0186e+01,4.5404e-06,89.98,0
SolarSail_2,8.586,42157.00,1.0000,3.0749,2.0186e+01,4.5404e-06,89.98,0
SolarSail_2,8.595,42157.00,1.0000,3.0749,2.0186e+01,4.5404e-06,89.98,0
SolarSail_2,8.603,42157.00,1.0000,3.0749,2.0186e+01,4.5404e-06,89.98,0
SolarSail_2,8.611,42157.00,1.0000,3.0749,2.0186e+01,4.5404e-06,89.98,0
SolarSail_2,8.620,42157.00,1.0000,3.0749,2.0186e+01,4.5404e-06,89.98,0
SolarSail_2,8.628,42157.00,1.0000,3.0749,2.0186e+01,4.5404e-06,89.98,0
SolarSail_2,8.636,42157.00,1.0000,3.0749,2.0186e+01,4.5404e-06,89.98,0
SolarSail_2,8.645,42157.00,1.0000,3.0749,2.0186e+01,4.5404e-06,89.98,0
SolarSail_2,8.653,42157.00,1.0000,3.0749,2.0186e+01,4.5404e-06,89.98,0
SolarSail_2,8.661,42157.00,1.0000,3.0749,2.0186e+01,4.5404e-06,89.98,0
SolarSail_2,8.670,42157.00,1.0000,3.0749,2.0186e+01,4.5404e-06,89.98,0
SolarSail_2,8.678,42157.00,1.0000,3.0749,2.0186e+01,4.5404e-06,89.98,0
SolarSail_2,8.686,42157.00,1.0000,3.0749,2.0186e+01,4.5404e-06,89.98,0
SolarSail_2,8.695,42157.00,1.0000,3.0749,2.0186e+01,4.5404e-06,89.98,0
SolarSail_2,8.703,42157.00,1.0000,3.0749,2.0186e+01,4.5404e-06,89.98,0
SolarSail_2,8.711,42157.00,1.0000,3.0749,2.0186e+01,4.5404e-06,89.98,0
SolarSail_2,8.720,42157.00,1.0000,3.0749,2.0186e+01,4.5404e-06,89.98,0
SolarSail_2,8.728,42157.00,1.0000,3.0749,2.0186e+01,4.5404e-06,89.98,0
SolarSail_2,8.736,42157.00,1.0000,3.0749,2.0186e+01,4.5404e-06,89.98,0
SolarSail_2,8.745,42157.00,1.0000,3.0749,2.0186e+01,4.5404e-06,89.98,0
SolarSail_2,8.753,42157.00,1.0000,3.0749,2.0186e+01,4.5404e-06,89.98,0
SolarSail_2,8.761,42157.00,1.0000,3.0749,2.0186e+01,4.5404e-06,89.98,0
SolarSail_2,8.770,42157.00,1.0000,3.0749,2.0186e+01,4.5404e-06,89.98,0
SolarSail_2,8.778,42157.00,1.0000,3.0749,2.0186e+01,4.5404e-06,89.98,0
SolarSail_2,8.786,42157.00,1.0000,3.0749,2.0186e+01,4.5404e-06,89.98,0
SolarSail_2,8.795,42157.00,1.0000,3.0749,2.0186e+01,4.5404e-06,89.98,0
SolarSail_2,8.803,42157.00,1.0000,3.0749,2.0186e+01,4.5404e-06,89.98,0
SolarSail_2,8.816,42157.00,1.0000,3.0749,2.0186e+01,4.5404e-06,89.98,0
SolarSail_2,8.824,42157.00,1.0000,3.0749,2.0186e+01,4.5404e-06,89.98,0
SolarSail_2,8.832,42157.00,1.0000,3.0749,2.0186e+01,4.5404e-06,89.98,0
SolarSail_2,8.841,42157.00,1.0000,3.0749,2.0186e+01,4.5404e-06,89.98,0
SolarSail_2,8.849,42157.00,1.0000,3.0749,2.0186e+01,4.5404e-06,89.98,0
SolarSail_2,8.857,42157.00,1.0000,3.0749,2.0186e+01,4.5404e-06,89.98,0
SolarSail_2,8.866,42157.00,1.0000,3.0749,2.0186e+01,4.5404e-06,89.98,0
SolarSail_2,8.874,42157.00,1.0000,3.0749,2.0186e+01,4.5404e-06,89.98,0
SolarSail_2,8.882,42157.00,1.0000,3.0749,2.0186e+01,4.5404e-06,89.98,0
SolarSail_2,8.891,42157.00,1.0000,3.0749,2.0186e+01,4.5404e-06,89.98,0
SolarSail_2,8.899,42157.00,1.0000,3.0749,2.0186e+01,4.5404e-06,89.98,0
SolarSail_2,8.907,42157.00,1.0000,3.0749,2.0186e+01,4.5404e-06,89.98,0
SolarSail_2,8.916,42157.00,1.0000,3.0749,2.0186e+01,4.5404e-06,89.98,0
SolarSail_2,8.924,42157.00,1.0000,3.0749,2.0186e+01,4.5404e-06,89.98,0
SolarSail_2,8.932,42157.00,1.0000,3.0749,2.0186e+01,4.5404e-06,89.98,0
SolarSail_2,8.941,42157.00,1.0000,3.0749,2.0186e+01,4.5404e-06,89.98,0
